ACCESSION_NUMBER	INDICATETIER1TIER2OFFERING	FINANCIALSTATEMENTAUDITSTATUS	OFFERDELAYEDCONTINUOUSFLAG	OFFERINGYEARFLAG	OFFERINGAFTERQUALIFFLAG	OFFERINGBESTEFFORTSFLAG	SOLICITATIONPROPOSEDOFFERFLAG	RESALESECURITIESAFFILIATESFLAG	SECURITIESOFFERED	OUTSTANDINGSECURITIES	PRICEPERSECURITY	ISSUERAGGREGATEOFFERING	SECURITYHOLDERAGGEGATE	QUALIFICATIONOFFERINGAGGREGATE	CONCURRENTOFFERINGAGGREGATE	TOTALAGGREGATEOFFERING	UNDERWRITERSERVICEPROVIDERNAME	UNDERWRITERSFEES	SALECOMMISSIONSSVCPROVIDERNAME	SALECOMMISSIONSSVCEROVIDERFEE	FINDERSFEESSERVICEPROVIDERNAME	FINDERFEESFEE	AUDITORSERVICEPROVIDERNAME	AUDITORFEES	LEGALSERVICEPROVIDERNAME	LEGALFEES	PROMOTERSSERVICEPROVIDERNAME	PROMOTERSFEES	BLUESKYSERVICEPROVIDERNAME	BLUESKYFEES	BROKERDEALERCRDNUMBER	ESTIMATEDNETAMOUNT	CLARIFICATIONRESPONSES
0001213900-19-005271	Tier2	Audited	Y	Y	N	Y	Y	N	10000000	12279880	5.0	38391600.0	0.0	11608400.0	0.0	50000000.0							Deloitte & Touche LLP	100000.0	Greenberg Traurig, P.A.	115000.0						49515000.0	The expected fees in connection with this offering total $485,000. The expected fees include the $245,000 listed above as well as an additional $170,000 paid for previous legal fees and $100,000 for other associated fees.
0001144204-19-016870	Tier2	Audited	Y	Y	N	Y	N	N	472100	405500	15.0	945000.0	0.0	45526190.0	1823780.0	48294970.0	N/A	0.0	N/A	0.0	N/A	0.0	Hughes Pittman & Gupton, LLP	2000.0	Manatt, Phelps & Phillips, LLP; Robbins Ross Alloy Belinfante Littlefield LLC	101000.0	N/A	0.0	Internal out-of-pocket expenses	10000.0		4866000.0	
0001144204-19-016865	Tier2	Audited	Y	Y	N	Y	N	N	1795790	0	10.0	1795790.0	0.0	41553630.0	3986010.0	47335430.0									Smith Anderson; Robbins Ross	4500.0							
0001445866-19-000310	Tier2	Audited	N	N	N	Y	N	N	20000000	8100000	1.0	20000000.0	0.0	0.0	0.0	20000000.0																	
0001104659-19-018303	Tier2	Audited	Y	Y	N	Y	N	N	5000000	1682994	10.0	50000000.0	0.0	0.0	0.0	50000000.0			North Capital Private Securities Corp. and Mogul Securities, LLC	500000.0			CohnReznick, LLP	10000.0	Morris, Manning & Martin, LLP	250000.0	Realty Mogul Sponsor, LLC and Realty Mogul, Co.	0.0			154559	48500000.0	Sales commissions will not be paid by the issuer. As such, the sales commissions do not reduce net proceeds to the issuer.
0001437749-19-005903	Tier1	Unaudited	N	N	N	N	N	N	200000	1871890	70.0	14000000.0	0.0	0.0	0.0	14000000.0									Fox Rothschild LLP	225000.0						0.0	The issuer's units will be issued to members of Apollonia, LLC in connection with issuer's acquisition of Apollonia pursuant t an agreement and plan of merger.
0001019056-19-000222	Tier2	Audited	Y	N	N	Y	N	N	50000000	2419672	1.0	50000000.0	0.0	0.0	0.0	50000000.0							Lipner, Sofferman & Co., LLC and Fruci & Associates II, PLLC	10000.0	Gusrae Kaplan Nusbaum PLLC	131800.0						48010000.0	Estimated net proceeds assumes sale of Max Amount, offering expenses of $500,000, administrative fees of $990,00.
0000715812-19-000009	Tier2	Audited	Y	Y	N	Y	N	N	83892	66810	596.0	50000000.0	0.0	0.0	0.0	50000000.0							Plante & Moran, PLLC	80000.0	Stahl Cowen Crowley Addis LLC	125000.0							
0001078782-19-000252	Tier2	Audited	Y	N	Y	Y	N	Y	2000000	15022650	6.0	12000000.0	0.0	0.0	0.0	12000000.0			Various	1200000.0			Boyle CPA LLC	20000.0	The Doney Law Firm	5000.0			Various	25000.0		10750000.0	
0001731122-19-000142	Tier1	Audited	Y	Y	N	Y	N	N	375	0	50000.0	16923694.0	0.0	3076306.0	0.0	20000000.0							Spiegel Accountancy Corporation	15260.0	Geraci Law Firm	44029.0			Geraci Law Firm	3000.0			
0001078782-19-000249	Tier2	Audited	Y	N	Y	Y	N	Y	2000000	15022650	6.0	12000000.0	0.0	0.0	0.0	12000000.0			Various	1200000.0			Boyle CPA LLC	20000.0	The Doney Law Firm	5000.0			Various	25000.0		10750000.0	
0001760319-19-000006	Tier2	Audited	Y	N	N	Y	Y	N	5000000	19700000	10.0	50000000.0	0.0	0.0	0.0	50000000.0		0.0		0.0		0.0		0.0		0.0		0.0		0.0	0	0.0	
0001144204-19-016178	Tier2	Audited	Y	Y	N	Y	N	N	1795790	0	10.0	1795790.0	0.0	41553630.0	3986010.0	47335430.0									Smith Anderson; Robbins Ross	4500.0							
0001437749-19-005758	Tier1	Unaudited	N	N	N	N	N	N	200000	1871890	70.0	14000000.0	0.0	0.0	0.0	14000000.0									Fox Rothschild LLP	225000.0						0.0	The issuer's units will be issued to members of Apollonia, LLC in connection with issuer's acquisition of Apollonia pursuant t an agreement and plan of merger.
0001477932-19-001196	Tier2	Audited	Y	N	N	Y	N	N	916672	6311514	8.0	7333376.0	0.0	2666622.25	0.0	9999998.25		0.0		0.0		0.0	Baker Tilly	15000.0	Trowbridge Sidoti	50000.0		0.0		0.0		9999998.25	
0001144204-19-016032	Tier2	Audited	Y	N	N	Y	N	N	10000000	0	5.0	50000000.0	0.0	0.0	0.0	50000000.0							IndigoSpire CPA LLC	2500.0	CrowdCheck Law, LLC	50000.0			State Filing Fees	10000.0		45000000.0	
0001104659-19-017475	Tier2	Audited	Y	Y	N	Y	N	N	5000000	1682994	10.0	50000000.0	0.0	0.0	0.0	50000000.0			North Capital Private Securities Corp. and Mogul Securities, LLC	500000.0			CohnReznick, LLP	10000.0	Morris, Manning & Martin, LLP	250000.0	Realty Mogul Sponsor, LLC and Realty Mogul, Co.	0.0			154559	48500000.0	Sales commissions will not be paid by the issuer. As such, the sales commissions do not reduce net proceeds to the issuer.
0001683168-19-000774	Tier1	Unaudited	Y	N	Y	Y	N	N	2000000000	2438506953	0.001	2000000.0	0.0	0.0	0.0	2000000.0									John E. Lux, Esq.	25000.0			Various	2500.0		1972500.0	
0001477932-19-001151	Tier2	Audited	Y	N	N	Y	N	N	916672	6311514	8.0	7333376.0	0.0	2666622.25	0.0	9999998.25		0.0		0.0		0.0	Baker Tilly	15000.0	Trowbridge Sidoti	50000.0		0.0		0.0		9999998.25	
0001758868-19-000002	Tier1	Unaudited	N	N	N	Y	N	N	1200000		10.0	12000000.0	0.0	0.0	0.0	12000000.0																	
0001213900-19-004701	Tier2	Audited	Y	N	N	Y	N	N	25000000	200000000	0.08	2000000.0	0.0	0.0	0.0	2000000.0							SADLER, GIBB & ASSOCIATES, LLC	7500.0	BEVILACQUA PLLC	7500.0						1950500.0	
0001376474-19-000053	Tier1	Audited	Y	Y	Y	Y	N	N	165000	1782202		0.0	0.0	420838.0	0.0	420838.0							Crowe LLP	3000.0	Underberg & Kessler LLP	3000.0			Underberg & Kessler LLP	500.0			
0001393905-19-000084	Tier2	Audited	Y	N	N	Y	N	N	1	4900003	1.0	0.0	0.0	0.0	0.0	0.0	Sageworks Capital LLC	43000.0					Malone Bailey, LLP	25000.0	Schiff Hardin, LLP	75000.0					162182	3457000.0	
0001765320-19-000002	Tier2	Audited	Y	N	N	Y	N	N	50843000	49415000	0.05	2500000.0	24150.0	0.0	0.0	2524150.0		0.0		0.0		0.0	Cashuk, Wiseman, Goldberg, Birnbaum & Salem, LLP	2500.0	Newlan & Newlan, Ltd.	0.0		0.0	State Administrators	12500.0		2485000.0	
0001683168-19-000742	Tier2	Audited	Y	N	Y	Y	N	N	200000000	1040110900	0.25	50000000.0	0.0	0.0	0.0	50000000.0							Dimension Assurance	7500.0	John E. Lux, Esq.	75000.0			Various States	12500.0		46000000.0	
0001144204-19-015156	Tier2	Audited	Y	N	N	Y	Y	N	300480	558879	8.88	50000000.0	0.0	0.0	0.0	50000000.0									CrowdCheck Law LLP	50000.0			State filing fees	10000.0		49950000.0	Certain investors are able to invest for some securities at a price of $8.32 per share.
0001615774-19-004280	Tier2	Audited	N	N	Y	Y	N	N	95000	1	60.0	5700000.0	0.0	0.0	0.0	5700000.0									CrowdChecklaw/Alliance Legal Partners	12500.0			State Filing Fees	10000.0		5358000.0	
0001615774-19-004278	Tier2	Audited	N	N	Y	Y	N	N	95000	1	60.0	5700000.0	0.0	0.0	0.0	5700000.0									Crowdchecklaw/Alliance Legal Partners	12500.0			State Filing Fees	10000.0		5358000.0	
0001615774-19-004276	Tier2	Audited	N	N	Y	Y	N	N	95000	1	60.0	5700000.0	0.0	0.0	0.0	5700000.0									CrowdChecklaw/Alliance Legal Partners	12500.0			State Filing Fees	10000.0		5358000.0	
0001615774-19-004275	Tier2	Audited	N	N	Y	Y	N	N	95000	1	60.0	5700000.0	0.0	0.0	0.0	5700000.0									CrowdChecklaw/Alliance Legal Partners	12500.0			State Filing Fees	10000.0		5358000.0	
0001615774-19-004272	Tier2	Audited	N	N	Y	Y	N	N	95000	1	60.0	5700000.0	0.0	0.0	0.0	5700000.0									CrowdChecklaw/Alliance Legal Partners	12500.0			State Filing Fees	10000.0		5358000.0	
0001615774-19-004270	Tier2	Audited	N	N	Y	Y	N	N	95000	1	60.0	5700000.0	0.0	0.0	0.0	5700000.0									CrowdChecklaw/Alliance Legal Partners	12500.0			State Filing Fees	10000.0		5358000.0	
0001615774-19-004269	Tier2	Audited	N	N	Y	Y	N	N	95000	1	60.0	5700000.0	0.0	0.0	0.0	5700000.0									CrowdChecklaw/Alliance Legal Partners	12500.0			State Filing Fees	10000.0		5358000.0	
0001615774-19-004267	Tier2	Audited	N	N	Y	Y	N	N	95000	1	60.0	5700000.0	0.0	0.0	0.0	5700000.0									CrowdChecklaw/Alliance Legal Partners	12500.0			State Filing Fees	10000.0		5358000.0	
0001615774-19-004266	Tier2	Audited	N	N	Y	Y	N	N	95000	1	60.0	5700000.0	0.0	0.0	0.0	5700000.0									CrowdChecklaw/Alliance Legal Partners	12500.0			State Filing Fees	10000.0		5358000.0	
0001615774-19-004263	Tier2	Audited	N	N	Y	Y	N	N	95000	1	60.0	5700000.0	0.0	0.0	0.0	5700000.0									CrowdChecklaw/Alliance Legal Partners	12500.0			State Filing Fees	10000.0		5358000.0	
0001615774-19-004261	Tier2	Audited	N	N	Y	Y	N	N	95000	1	60.0	5700000.0	0.0	0.0	0.0	5700000.0									CrowdChecklaw/Alliance Legal Partners	12500.0			State Filing Fees	10000.0		5358000.0	
0001615774-19-004260	Tier2	Audited	N	N	Y	Y	N	N	95000	1	60.0	5700000.0	0.0	0.0	0.0	5700000.0									Crowdchecklaw/Alliance Legal Partners	12500.0			State Filing Fees	10000.0		5358000.0	
0001144204-19-014909	Tier2	Audited	N	N	N	N	N	N	1000000000	281742840	0.045000000000000005	0.0	0.0	0.0	0.0	0.0																	
0001213900-19-004466	Tier1	Audited	Y	N	N	N	N	N	149196	1559720	32.0	4774272.0	0.0	653417.0	0.0	5427689.0	None	0.0	None	0.0	None	0.0	Baker Tilly Virchow Krause, LLP	5000.0	Squire Patton Boggs (US) LLP	15000.0	None	0.0	None	0.0		4754272.0	Delhi Bank Corp. is offering its stockholders shares of its common stock through a Dividend Reinvestment and Optional Cash Purchase Plan. Actual price of shares purchased under the Plan depends on the price of the shares on the dividend investment date.
0001493152-19-003562	Tier2	Audited	Y	N	N	Y	Y	N	99825	0	20.0	1996500.0	0.0	0.0	0.0	1996500.0	SDDCO Brokerage Advisors LLC	40000.0	SDDCO Brokerage Advisors LLC	59895.0	N/A	0.0	Mayer Hoffman McCann, P.C	20000.0	Anthony L.G., PLLC	100000.0	N/A	0.0	Anthony L.G., PLLC	9500.0	153563	1996500.0	Estimated Net Proceeds Calculation (above) of $1,996,500 does not include any offering fees as all fees in connection with the offering are to be paid by Masterworks Administrative Services, LLC.
0001144204-19-014672	Tier2	Audited	Y	Y	N	Y	N	N	2718850	0	10.0	2718850.0	0.0	41933960.0	2467160.0	47119970.0									Smith Anderson; Robbins Ross	4500.0							
0001213900-19-004381	Tier2	Audited	Y	N	N	Y	N	Y	3960000	23668900	5.0	18000000.0	1800000.0	0.0	0.0	19800000.0			MBD & PBD	1800000.0					Cost of Regulation A Offering	75000.0						16125000.0	
0001615774-19-004155	Tier2	Audited	Y	N	N	Y	N	N	5000000	0	1.0	5000000.0	0.0	0.0	0.0	5000000.0	None	0.0	None	0.0	None	0.0	MaloneBailey, LLP	0.0	BrannellyLaw, PLLC	0.0	None	0.0	None	0.0	0	0.0	(1) The company may use registered broker-dealers to sell shares in the offering. As of the date hereof, the Company has not entered into sales agreements with any broker-dealers. (2) To be provided by amendment.
0001117768-19-000152	Tier2	Audited	N	N	N	N	N	N	50000	70951016	0.1	50000000.0	0.0	0.0	0.0	50000000.0	Legal	25000.0		0.0		0.0		0.0		0.0		0.0		0.0		4975000.0	
0001683168-19-000661	Tier1	Unaudited	Y	N	Y	Y	N	N	1000000000	2459138840	0.0125	5000000.0	0.0	4488200.0	0.0	9488200.0									Eilers Law Group, P.A.	10000.0							
0001144204-19-013755	Tier2	Audited	Y	N	N	Y	N	N	3636363	0		20000000.0	0.0	0.0	0.0	20000000.0	SI Securities, LLC	2000000.0					Fruci & Associates II, PLLC	12000.0	CrowdCheck Law LLP	50000.0					170937	17951000.0	Sales Commissions estimate assumes the maximum amount of commissions payable to SI Securities, LLC for their services in this offering.
0001683168-19-000639	Tier2	Audited	Y	N	Y	Y	N	N	200000000	1390110900	0.25	50000000.0	0.0	0.0	0.0	50000000.0							Dimension Assurance	7500.0	John E. Lux, Esq.	75000.0			Various States	12500.0		46000000.0	
0001615774-19-004000	Tier2	Audited	N	N	Y	Y	N	N	95000	1	60.0	5700000.0	0.0	0.0	0.0	5700000.0									CrowdChecklaw/Alliance Legal Partners	12500.0			State Filing Fees	10000.0		5358000.0	
0001615774-19-003979	Tier2	Audited	N	N	Y	Y	N	N	95000	1	60.0	5700000.0	0.0	0.0	0.0	5700000.0									CrowdChecklaw/Alliance Legal Partners	12500.0			State Filing Fees	10000.0		5358000.0	
0001437749-19-004703	Tier1	Unaudited	N	N	N	N	N	N	200000	1871890	70.0	14000000.0	0.0	0.0	0.0	14000000.0									Fox Rothschild LLP	225000.0						0.0	The issuer's units will be issued to members of Apollonia, LLC in connection with issuer's acquisition of Apollonia pursuant t an agreement and plan of merger.
0001721868-19-000107	Tier1	Unaudited	Y	N	N	Y	N	N	450000000	4505705518	0.0024000000000000002	1080000.0	0.0	0.0	0.0	1080000.0									Stout Law Group, PA	25000.0							
0001144204-19-013333	Tier2	Audited	Y	Y	N	Y	N	N	5000000	500	10.0	50000000.0	0.0	0.0	0.0	50000000.0							RSM US LLP	15000.0	Goodwin Procter LLP	312500.0	Rise Companies Corp	0.0				49500000.0	
0001144204-19-013332	Tier2	Audited	Y	Y	N	Y	N	N	5000000	500	10.0	50000000.0	0.0	0.0	0.0	50000000.0							RSM US LLP	15000.0	Goodwin Procter LLP	312500.0	Rise Companies Corp	0.0				49500000.0	
0001393905-19-000072	Tier2	Audited	Y	N	N	Y	N	N	1	4900003	1.0	0.0	0.0	0.0	0.0	0.0	Sageworks Capital LLC	43000.0					Malone Bailey, LLP	25000.0	Schiff Hardin, LLP	75000.0					162182	3457000.0	
0001615774-19-003876	Tier2	Audited	N	N	Y	Y	N	N	95000	1	60.0	5700000.0	0.0	0.0	0.0	5700000.0									CrowdChecklaw/Alliance Legal Partners	12500.0			State Filing Fees	10000.0		5358000.0	
0001615774-19-003872	Tier2	Audited	N	N	Y	Y	N	N	95000	1	60.0	5700000.0	0.0	0.0	0.0	5700000.0									CrowdChecklaw/Alliance Legal Partners	12500.0			State Filing Fees	10000.0		5358000.0	
0001615774-19-003869	Tier2	Audited	N	N	Y	Y	N	N	95000	1	60.0	5700000.0	0.0	0.0	0.0	5700000.0									CrowdChecklaw/Alliance Legal Partners	12500.0			State Filing Fees	10000.0		5358000.0	
0001214659-19-002011	Tier2	Audited	Y	N	N	Y	N	N	100000	0	500.0	50000000.0	0.0	0.0	0.0	50000000.0	Jumpstart Securities, LLC	975000.0					Cashuk, Wiseman, Goldberg, Birnbaum & Salem, LLP	2250.0	Benjamin Feldman, FGRB, PLLC	7500.0					156214	49016000.0	
0001615774-19-003791	Tier2	Audited	N	N	Y	Y	N	N	95000	1	60.0	5700000.0	0.0	0.0	0.0	5700000.0									CrowdChecklaw/Alliance Legal Partners	12500.0			State Filing Fees	10000.0		5358000.0	
0001615774-19-003754	Tier2	Audited	N	N	Y	Y	N	N	95000	1	60.0	5700000.0	0.0	0.0	0.0	5700000.0									CrowdChecklaw/Alliance Legal Partners	12500.0			State Filing Fees	10000.0		5358000.0	
0001213900-19-003728	Tier2	Audited	Y	Y	N	Y	N	N	1500000	0	10.0	15000000.0	0.0	0.0	0.0	15000000.0							Artesian CPA	5000.0	Flaster Greenberg	115000.0					000000000	15000000.0	
0001144204-19-012709	Tier2	Audited	Y	N	N	Y	Y	N	1333333	7430310	7.5	10000000.0	0.0	0.0	0.0	10000000.0							dbbmckennon	22000.0	CrowdCheck Law	35000.0			State filing fees	10000.0		9600000.0	There will be two class of securities sold. The information included is for the common shares.
0001615774-19-003726	Tier2	Audited	N	N	Y	Y	N	N	95000	1	60.0	5700000.0	0.0	0.0	0.0	5700000.0									CrowdChecklaw/Alliance Legal Partners	12500.0			State Filing Fees	10000.0		5358000.0	
0001615774-19-003723	Tier2	Audited	N	N	Y	Y	N	N	95000	1	60.0	5700000.0	0.0	0.0	0.0	5700000.0									CrowdChecklaw/Alliance Legal Partners	12500.0			State Filing Fees	10000.0		5358000.0	
0001615774-19-003721	Tier2	Audited	N	N	Y	Y	N	N	95000	1	60.0	5700000.0	0.0	0.0	0.0	5700000.0									CrowdChecklaw/Alliance Legal Partners	12500.0			State Filing Fees	10000.0		5358000.0	
0001445866-19-000214	Tier2	Audited	Y	Y	N	Y	Y	N	5000000		10.0	50000000.0	0.0	0.0	0.0	50000000.0			North Capital Private Securities Corp.	4500000.0			dbbmckennon	15000.0	Carman Lehnhof Israelsen, Durham Jones & Pinnegar	75000.0					154559	45410000.0	
0001144204-19-012639	Tier2	Audited	Y	Y	N	Y	N	N	2872160	0	10.0	2872160.0	0.0	44635750.0	1968780.0	49476690.0									Smith Anderson; Robbins Ross	4500.0							
0001144204-19-012509	Tier2	Audited	Y	N	N	Y	N	N	10000000	0	5.0	50000000.0	0.0	0.0	0.0	50000000.0							IndigoSpire CPA LLC	2500.0	CrowdCheck Law, LLC	50000.0			State Filing Fees	10000.0		45000000.0	
0001213900-19-003635	Tier2	Audited	N	Y	N	Y	N	N	5000000	0	10.0	50000000.0	0.0	0.0	0.0	50000000.0							Artesian CPA	2000.0	Flaster/Greenberg P.C.	30000.0							
0001761911-19-000001	Tier2	Audited	N	N	N	Y	N	N	1000000	20407730	5.0	5000000.0	0.0	0.0	0.0	5000000.0							IndigoSpire CPA Group, LLC	16000.0	Global Quantitatives	65000.0						4900000.0	
0001615774-19-003669	Tier2	Audited	N	N	Y	Y	N	N	95000	1	60.0	5700000.0	0.0	0.0	0.0	5700000.0									CrowdChecklaw/Alliance Legal Partners	12500.0			State Filing Fees	10000.0		5358000.0	
0001615774-19-003654	Tier2	Audited	N	N	Y	Y	N	N	95000	1	60.0	5700000.0	0.0	0.0	0.0	5700000.0									Crowdchecklaw/Alliance Legal Partners	12500.0			State Filing Fees	10000.0		5358000.0	
0001760319-19-000001	Tier2	Audited	Y	N	N	Y	Y	N	5000000	19700000	10.0	50000000.0	0.0	0.0	0.0	50000000.0		0.0		0.0		0.0		0.0		0.0		0.0		0.0	0	0.0	
0001144204-19-012168	Tier1	Unaudited	N	N	N	Y	N	N	5000000	32024377	3.0	15000000.0	0.0	0.0	0.0	15000000.0																15000000.0	
0001683168-19-000545	Tier1	Unaudited	Y	N	Y	Y	N	N	1000000000	2148512607	0.005	5000000.0	0.0	0.0	0.0	5000000.0									John E. Lux, Esq.	30000.0						4970000.0	
0001022183-19-000002	Tier1	Unaudited	Y	N	N	Y	N	Y	24000000	58593479	0.05	1000000.0	200000.0	0.0	0.0	1200000.0		0.0		0.0		0.0		0.0		0.0		0.0		0.0		1000000.0	
0001144204-19-012031	Tier2	Audited	Y	N	N	Y	Y	N	1333333	7430310	7.5	10000000.0	0.0	0.0	0.0	10000000.0							dbbmckennon	22000.0	CrowdCheck Law	35000.0			State filing fees	10000.0		9600000.0	There will be two class of securities sold. The information included is for the common shares.
0001766570-19-000002	Tier2	Audited	N	N	N	Y	Y	N	70000	0	500.0	35000000.0	0.0	0.0	0.0	35000000.0			North Capital Private Securities Corporation	227500.0			Indiegospire	7500.0	Kendall A. Almerico	100000.0					154559	34655000.0	North Capital was also paid a $10,000 due diligence fee
0001615774-19-003467	Tier2	Audited	N	N	Y	Y	N	N	95000	1	60.0	5700000.0	0.0	0.0	0.0	5700000.0									Crowdchecklaw/Alliance Legal Partners	12500.0			State Filing Fees	10000.0		5358000.0	
0001437749-19-003774	Tier1	Unaudited	N	N	N	N	N	N	200000	1871890	70.0	14000000.0	0.0	0.0	0.0	14000000.0									Fox Rothschild LLP	225000.0						0.0	The issuer's units will be issued to members of Apollonia, LLC in connection with issuer's acquisition of Apollonia pursuant t an agreement and plan of merger.
0000715812-19-000002	Tier2	Audited	Y	Y	N	Y	N	N	79872	57431	626.0	626.0	0.0	0.0	0.0	626.0							Plante & Moran, PLLC	80000.0	Stahl Cowen Crowley Addis LLC	125000.0							
0001683168-19-000514	Tier2	Audited	Y	N	Y	Y	N	N	200000000	1390110900	0.25	50000000.0	0.0	0.0	0.0	50000000.0							Dimension Assurance	7500.0	John E. Lux, Esq.	75000.0			Various States	12500.0		46000000.0	
0001144204-19-010451	Tier2	Audited	Y	Y	N	Y	N	N	2508389	9734594	10.0	25083894.0	0.0	24916105.0	0.0	49999999.0							RSM US LLP	0.0	Goodwin Procter LLP	40000.0						25043894.0	Minus expenses.
0001144204-19-010228	Tier2	Audited	Y	Y	N	Y	N	N	2872160	0	10.0	2872160.0	0.0	44635750.0	1968780.0	49476690.0									Smith Anderson; Robbins Ross	4500.0							
0001144204-19-010145	Tier2	Audited	Y	Y	N	Y	N	N	2872160	0	10.0	2872160.0	0.0	44635750.0	1968780.0	49476690.0									Smith Anderson; Robbins Ross	4500.0							
0001688804-19-000002	Tier2	Audited	Y	Y	N	Y	Y	N	5000	0	79.5	397500.0	0.0	0.0	0.0	397500.0							EisnerAmper LLP	0.0	Nixon Peabody LLP	0.0	Cuttone & Company, LLC	2236.0			33038	395264.0	
0001683168-19-000492	Tier1	Unaudited	Y	N	Y	Y	N	N	15000000000	2438506953	0.001	15000000.0	0.0	0.0	0.0	15000000.0									John E. Lux, Esq.	25000.0			Various	2500.0		14942500.0	
0001078782-19-000165	Tier1	Unaudited	Y	Y	N	Y	N	N	150000000	131420082	0.03	5000000.0	0.0	0.0	0.0	5000000.0									Lucosky Brookman LLP	28000.0			Blue Sky MLS Inc	1850.0			
0001144204-19-009699	Tier2	Audited	Y	Y	N	Y	N	N	472100	405500	15.0	945000.0	0.0	45526190.0	1823780.0	48294970.0	N/A	0.0	N/A	0.0	N/A	0.0	Hughes Pittman & Gupton, LLP	2000.0	Manatt, Phelps & Phillips, LLP; Robbins Ross Alloy Belinfante Littlefield LLC	101000.0	N/A	0.0	Internal out-of-pocket expenses	10000.0		4866000.0	
0001393905-19-000061	Tier2	Audited	Y	N	N	Y	N	N	1	4900003	1.0	0.0	0.0	0.0	0.0	0.0	Sageworks Capital LLC	43000.0					Malone Bailey, LLP	25000.0	Schiff Hardin, LLP	75000.0					162182	3457000.0	
0001640334-19-000317	Tier2	Audited	N	N	N	Y	N	N	1000000000	207050000	0.005	5000000.0	0.0	0.0	0.0	5000000.0		0.0		0.0		0.0	HAYNIE & COMPANY	20000.0		0.0		0.0		0.0		4980000.0	
0001213900-19-002929	Tier2	Audited	Y	N	N	N	N	N	10000	1	25.0	250000.0	0.0	0.0	0.0	250000.0							JASON M. TYRA, CPA, PLLC	2500.0	BEVILACQUA PLLC	60000.0	NORTH CAPITAL PRIVATE SECURITIES CORPORATION	2450.0			154559	247550.0	
0001683168-19-000443	Tier2	Audited	Y	Y	N	Y	N	N	510	0	120.0	61200.0	0.0	0.0	0.0	61200.0							IndigoSpire CPA Group, LLC	0.0	Procopio, Cory, Hargreaves & Savitch, LLP	0.0						61200.0	Estimated net proceeds does not reflect offering expenses because such expenses will be paid by the Manager as it relates to the Series Palace Foal.
0001640334-19-000288	Tier2	Audited	N	N	N	Y	N	N	1000000000	207050000	0.005	5000000.0	0.0	0.0	0.0	5000000.0		0.0		0.0		0.0	HAYNIE & COMPANY	20000.0		0.0		0.0		0.0		4980000.0	
0001078782-19-000155	Tier2	Audited	Y	N	Y	Y	N	N	2000000	15022650	6.0	12000000.0	0.0	0.0	0.0	12000000.0			Various	1200000.0			Boyle CPA LLC	20000.0	The Doney Law Firm	5000.0			Various	25000.0		10750000.0	
0001214659-19-001339	Tier1	Unaudited	Y	N	N	Y	N	N	3400000	20870000	1.0	0.0	3400000.0	0.0	0.0	3400000.0																0.0	
0001737569-19-000001	Tier2	Audited	Y	N	N	Y	N	N	20000000	60002033	2.5	50000000.0	0.0	0.0	0.0	50000000.0							IndigoSpire CPA Group	3000.0	Berman Fink Van Horn P.C.	2000.0						49995000.0	
0001104659-19-009096	Tier2	Audited	Y	Y	N	Y	N	N	5000000	1682994	10.0	50000000.0	0.0	0.0	0.0	50000000.0			North Capital Private Securities Corp. and Mogul Securities, LLC	500000.0			CohnReznick, LLP	10000.0	Morris, Manning & Martin, LLP	250000.0	Realty Mogul Sponsor, LLC and Realty Mogul, Co.	0.0			154559	48500000.0	Sales commissions will not be paid by the issuer. As such, the sales commissions do not reduce net proceeds to the issuer.
0001144204-19-008691	Tier2	Audited	Y	Y	N	Y	Y	N	5000000	100	10.0	50000000.0	0.0	0.0	0.0	50000000.0							RSM US LLP	25000.0	Herrick, Feinstein LLP	129000.0							
0001144204-19-008670	Tier2	Audited	Y	N	N	Y	Y	N	1000000	7430310	10.0	10000000.0	0.0	0.0	0.0	10000000.0							dbbmckennon	22000.0	CrowdCheck Law	35000.0			State filing fees	10000.0		9600000.0	There will be two class of securities sold. The information included is for the common shares.
0001683168-19-000402	Tier2	Audited	Y	N	Y	Y	N	N	200000000	1390110900	0.25	50000000.0	0.0	0.0	0.0	50000000.0							Dimension Assurance	7500.0	John E. Lux, Esq.	75000.0			Various States	12500.0		46000000.0	
0001731122-19-000053	Tier2	Audited	Y	Y	N	Y	N	N	50000	50000	1000.0	50000000.0	0.0	0.0	0.0	50000000.0							Armanino LLP	10000.0	Geraci Law Firm	53000.0							
0001078782-19-000122	Tier2	Audited	Y	N	Y	Y	Y	Y	5315000	5915000	1.5	7500000.0	472500.0	0.0	0.0	7972500.0							Thayer ONeal Company LLC	7500.0	Frank J Hariton	1000.0						6937500.0	The estimated net proceeds reflects estimated fees paid to brokers who assist in finding buyers.
0001144204-19-006971	Tier2	Audited	Y	Y	N	Y	N	N	1823780	0	10.0	1823780.0	0.0	45526190.0	1000000.0	48349970.0									Smith Anderson; Robbins Ross	4500.0							
0001213900-19-002305	Tier2	Audited	N	Y	N	Y	N	N	5000000	0	10.0	50000000.0	0.0	0.0	0.0	50000000.0							Artesian CPA	2000.0	Flaster/Greenberg P.C.	30000.0							
0001628279-19-000025	Tier2	Audited	Y	N	N	Y	N	N	3000000	1898056	5.0	15000000.0	0.0	0.0	0.0	15000000.0	Boustead Securities, LLC	1200000.0			N/A	0.0	GBH CPAs, PC and Marcum LLP	35000.0	Schiff Hardin	90000.0						13675000.0	Underwriter fees include reimbursement for certain diligence, travel and legal expenses.
0001437749-19-002321	Tier1	Unaudited	N	N	N	N	N	N	200000	1874176	70.0	14000000.0	0.0	0.0	0.0	14000000.0									Fox Rothschild LLP	225000.0						0.0	The issuer's units will be issued to members of Apollonia, LLC in connection with issuer's acquisition of Apollonia pursuant t an agreement and plan of merger.
0001144204-19-006506	Tier2	Audited	Y	Y	N	Y	N	N	472100	405500	15.0	4979000.0	0.0	41471190.0	1823780.0	48273970.0	N/A	0.0	N/A	0.0	N/A	0.0	Hughes Pittman & Gupton, LLP	2000.0	Manatt, Phelps & Phillips, LLP; Robbins Ross Alloy Belinfante Littlefield LLC	101000.0	N/A	0.0	Internal out-of-pocket expenses	10000.0		4866000.0	
0001144204-19-006365	Tier2	Audited	Y	N	N	Y	Y	N	2000000	85274046	5.0	10000000.0	0.0	0.0	0.0	10000000.0							dbbmckennon	2000.0	CrowdCheck Law LLP	40000.0						9100000.0	
0001214659-19-001000	Tier2	Audited	N	N	N	Y	N	N	50000	0	1000.0	50000000.0	0.0	0.0	0.0	50000000.0			TBD	5250000.0			Grennan Fender Hess & Poparad LLP	6500.0	Pino Nicholson PLLC	350000.0						44750000.0	Placement Agents' Commissions have been quantified but Placement Agents have not yet been appointed.
0001683168-19-000320	Tier1	Unaudited	Y	N	N	Y	N	N	300000000	501082694	0.0017000000000000001	525000.0	0.0	0.0	0.0	525000.0									John E. Lux, Esq.	25000.0			Various States	2500.0		477273.0	
0001144204-19-006003	Tier2	Audited	Y	Y	N	Y	N	N	2561686	9574945	10.0	25616867.0	0.0	24383133.0	0.0	50000000.0							RSM US LLP	0.0	Goodwin Procter LLP	40000.0						25576867.0	Minus expenses.
0001493152-19-001633	Tier2	Audited	Y	N	N	Y	Y	N	340898	0	20.0	6817960.0	0.0	0.0	0.0	6817960.0	SDDCO Brokerage Advisors LLC	5000.0	SDDCO Brokerage Advisors LLC	340898.0	N/A	0.0	Mayer Hoffman McCann, P.C	15000.0	Anthony L.G., PLLC	20000.0	N/A	0.0	Anthony L.G., PLLC	9500.0	153563	6817960.0	Estimated Net Proceeds Calculation (above) of $6,817,960.00 does not include any offering fees as all fees in connection with the offering are to be paid by Masterworks Administrative Services, LLC.
0001477932-19-000390	Tier2	Audited	Y	Y	N	Y	N	N	39000000	10956579	1.0	39000000.0	0.0	0.0	0.0	39000000.0		0.0		0.0		0.0	Armanino LLP	140000.0	Ater Wynne LLP	20000.0		0.0	Ater Wynne LLP	5000.0		38835000.0	
0001493152-19-001620	Tier2	Audited	Y	N	N	Y	N	N	24055596	27297960	1.0	17000000.0	7055596.0	0.0	0.0	24055596.0	None	0.0	Various broker-dealers	455000.0	None	0.0	KBL, LLP	15000.0	Hateley & Hampton	60000.0	None	0.0			0	16943000.0	None
0001264931-19-000019	Tier1	Unaudited	Y	N	N	Y	N	N	27200000	38792516	0.05	1250000.0	110000.0	0.0	0.0	1360000.0	N/A	0.0	N/A	0.0	N/A	0.0	N/A	0.0	N/A	0.0	N/A	0.0	N/A	0.0			
0001445866-19-000121	Tier2	Audited	Y	N	N	Y	N	N	5000000	10000000	2.5	12500000.0	0.0	0.0	0.0	12500000.0							Jason M. Tyra, CPA	10000.0	Carman Lehnhof Israelsen, LLP	30000.0						12460000.0	
0001683168-19-000278	Tier2	Audited	Y	N	N	Y	Y	N	2500000	13091200	6.0	15000000.0	0.0	0.0	0.0	15000000.0							UHY LLP, George Johnson & Company, MRPR Group PC	325000.0	CrowdCheck Law LLP	95000.0	Equity Track, GlobalOne, Colonial Stock Transfer	80000.0				14500000.0	
0001144204-19-005404	Tier2	Audited	Y	N	Y	Y	N	N	5000000	0	10.0	50000000.0	0.0	0.0	0.0	50000000.0	Arque Capital, Ltd.	3093750.0	Arque Capital, Ltd.	1562500.0			Brian Soto, CPA	25000.0	Kaplan, Voekler, Cunningham & Frank, PLC	125000.0			Kaplan, Voekler, Cunningham & Frank, PLC	25000.0		44000000.0	We expect to engage Arque Capital, Ltd. as our Co-Manager to lead a syndicate of Selected Dealers.
0001144204-19-005392	Tier2	Audited	Y	Y	N	Y	N	N	50000000	15910950	1.0	50000000.0	0.0	15910950.0	0.0	65910950.0							Baker Tilly Virchow Krause, LLP	5000.0	Manatt, Phelps & Phillips, LLP	50000.0			INTERNAL OUT-OF-POCKET EXPENSES(1)	50000.0		49895000.0	(1)The Issuer will provide for its own blue sky compliance through in-house counsel. (2) 15,910,950 For Jan. 1, 2018 thru Dec. 31, 2018.
0001144204-19-005272	Tier2	Audited	Y	Y	N	Y	N	N	1315205	9432523	11.3	14861820.0	0.0	35138179.0	0.0	49999999.0									Goodwin Procter LLP	40000.0						14861820.0	Minus expenses.
0001640334-19-000145	Tier2	Audited	N	N	N	Y	N	N	1000000000	207050000	0.005	5000000.0	0.0	0.0	0.0	5000000.0		0.0		0.0		0.0	HAYNIE & COMPANY	20000.0		0.0		0.0		0.0		4980000.0	
0001683168-19-000237	Tier2	Audited	Y	N	Y	Y	N	N	527500000	70500000	0.01	5000000.0	275000.0	27500.0	0.0	5302500.0							Salberg & Company, P.A.	6500.0	Business Legal Advisors, LLC	25000.0			Various	2500.0			
0001144204-19-004467	Tier2	Audited	N	N	N	N	N	N	1000000000	281742840	0.045000000000000005	0.0	0.0	0.0	0.0	0.0																	
0001144204-19-004383	Tier2	Audited	Y	Y	N	Y	N	N	900000	1561406	15.0	13500000.0	0.0	0.0	1000000.0	14500000.0	N/A	0.0	N/A	0.0	N/A	0.0	Hughes Pittman & Gupton, LLP	2000.0	Manatt, Phelps & Phillips, LLP; Robbins Ross Alloy Belinfante Littlefield LLC	101000.0	N/A	0.0	Internal out-of-pocket expenses	10000.0		13387000.0	1,000,000 represents approx. aggregate LRO sales pursuant to SEC File No. 024-10753.
0001477932-19-000312	Tier2	Audited	N	N	N	Y	N	N	50000	0	1000.0	50000000.0	0.0	0.0	0.0	50000000.0		0.0		0.0		0.0	Kaufman Rosin	10000.0	Trowbridge Sidoti	50000.0		0.0		0.0		50000000.0	
0001688804-19-000001	Tier2	Audited	Y	Y	N	Y	Y	N	3000	0	82.0	246000.0	0.0	0.0	0.0	246000.0							EisnerAmper LLP	0.0	Nixon Peabody LLP	0.0	Cuttone & Company, LLC	1808.0			33038	244192.0	
0001144204-19-003869	Tier2	Audited	N	N	N	N	N	N	1000000000	281742840	0.045000000000000005	0.0	0.0	0.0	0.0	0.0																	
0001144204-19-003833	Tier2	Audited	Y	Y	N	Y	N	N	4686620	0	10.0	4686620.0	0.0	42838940.0	945630.0	48471190.0									Smith Anderson; Robbins Ross	4500.0							
0001493152-19-001147	Tier2	Audited	Y	N	N	Y	Y	N	99825	0	20.0	1996500.0	0.0	0.0	0.0	1996500.0	SDDCO Brokerage Advisors LLC	5000.0	SDDCO Brokerage Advisors LLC	99825.0	N/A	0.0	Mayer Hoffman McCann, P.C	20000.0	Anthony L.G., PLLC	100000.0	N/A	0.0	Anthony L.G., PLLC	9500.0	153563	1996500.0	Estimated Net Proceeds Calculation (above) of $1,996,500 does not include any offering fees as all fees in connection with the offering are to be paid by Masterworks Administrative Services, LLC.
0001393905-19-000030	Tier2	Audited	Y	N	N	Y	N	N	1	4900003	1.0	0.0	0.0	0.0	0.0	0.0	Sageworks Capital LLC	43000.0					Malone Bailey, LLP	25000.0	Schiff Hardin, LLP	75000.0					162182	3457000.0	
0001477932-19-000272	Tier2	Audited	Y	N	Y	Y	N	N	50000000	0	1.0	50000000.0	0.0	0.0	0.0	50000000.0		0.0		0.0		0.0		0.0	Nathaniel Reinking	2500.0		0.0		0.0		50000000.0	
0001144204-19-003068	Tier2	Audited	Y	N	N	Y	Y	N	2000000	6995641	5.0	10000000.0	0.0	0.0	0.0	10000000.0							dbbmckennon	37500.0	Alliance Legal Partners, Inc.	62500.0			CrowdCheck, Inc.	10000.0		9654542.0	
0001214659-19-000545	Tier2	Audited	Y	N	N	Y	N	Y	27200000	251257350	0.5	10000000.0	3600000.0	0.0	0.0	13600000.0							Weiss Accountancy Corporation & Artesian CPA, LLC	30000.0	Doida Law Group LLC	50000.0			Doida Law Group LLC	5000.0		9281500.0	
0001144204-19-002945	Tier2	Audited	Y	N	N	Y	N	N	10000000	0	5.0	50000000.0	0.0	0.0	0.0	50000000.0							IndigoSpire CPA LLC	2500.0	CrowdCheck Law, LLC	50000.0			State Filing Fees	10000.0		45000000.0	
0001144204-19-002943	Tier2	Audited	Y	N	N	Y	N	N	10000000	0	5.0	50000000.0	0.0	0.0	0.0	50000000.0							IndigoSpire CPA LLC	2500.0	CrowdCheck Law, LLC	50000.0			State Filing Fees	10000.0		45000000.0	
0001214659-19-000467	Tier2	Audited	Y	N	N	Y	N	N	100000	0	500.0	50000000.0	0.0	0.0	0.0	50000000.0	Jumpstart Securities, LLC	975000.0					Cashuk, Wiseman, Goldberg, Birnbaum & Salem, LLP	1500.0	Benjamin Feldman, FGRB, PLLC	7500.0					156214	49016000.0	
0001659173-19-000006	Tier2	Audited	Y	Y	Y	Y	N	N	40000000	0	10000.0	27778000.0	0.0	12222000.0	0.0	40000000.0			JumpStart Securities	15000.0			Hall & Company Certified Public Accountants & Consultants	71040.0	Bryan R. Clark, PC	153456.0			JumpStart Securities	5000.0	156214	40000000.0	
0001104659-19-002519	Tier2	Audited	Y	Y	N	Y	N	N	5000000	1754760	10.0	50000000.0	0.0	0.0	0.0	50000000.0			North Capital Private Securities Corp. and Mogul Securities, LLC	500000.0			CohnReznick, LLP	10000.0	Morris, Manning & Martin, LLP	250000.0	Realty Mogul Sponsor, LLC and Realty Mogul, Co.	0.0			154559	48500000.0	Sales commissions will not be paid by the issuer. As such, the sales commissions do not reduce net proceeds to the issuer.
0001144204-19-002038	Tier2	Audited	N	N	N	N	N	N	1000000000	281742840	0.045000000000000005	0.0	0.0	0.0	0.0	0.0																	
0001709247-19-000001	Tier1	Unaudited	Y	N	Y	Y	Y	N	9000000	252646500	0.1	0.0	0.0	0.0	0.0	0.0		0.0	Internal Employee- Self Issuing	90000.0		0.0		0.0		0.0		0.0		0.0		810000.0	
0001078782-19-000065	Tier2	Audited	Y	N	Y	Y	N	Y	500000000	0		0.0	0.0	0.0	0.0	0.0							AJ Robbins CPA LLC	7500.0									
0001079974-19-000017	Tier1	Unaudited	Y	N	Y	Y	N	N	1500000	16627175	2.0	3000000.0	0.0	0.0	0.0	3000000.0									E Dowling	10000.0						2980000.0	other expenses such as printing and mailing to total $20,000
0001477932-19-000195	Tier2	Audited	Y	Y	N	Y	N	N	50000000	0	1.0	50000000.0	0.0	0.0	0.0	50000000.0		0.0		0.0		0.0	Armanino LLP	60500.0	Ater Wynne LLP	165000.0		0.0	Ater Wynne LLP	15000.0		4975500.0	
0001486452-19-000004	Tier1	Unaudited	Y	N	Y	Y	N	N	1000000000	383528049	0.001	1000000.0	0.0	751320.0	0.0	1751320.0									Newlan & Newlan, Ltd.	3500.0			State Administrators	1500.0		995000.0	
0001144204-19-001541	Tier2	Audited	Y	Y	N	Y	N	N	900000	1561406	13.5	12150000.0	0.0	0.0	1000000.0	13150000.0	N/A	0.0	N/A	0.0	N/A	0.0	Hughes Pittman & Gupton, LLP	2000.0	Manatt, Phelps & Phillips, LLP; Robbins Ross Alloy Belinfante Littlefield LLC	101000.0	N/A	0.0	Internal out-of-pocket expenses	10000.0		12037000.0	1,000,000 represents approx. aggregate LRO sales pursuant to SEC File No. 024-10753.
0001683168-19-000085	Tier2	Audited	Y	N	Y	Y	N	N	200000000	1362786900	0.25	50000000.0	0.0	0.0	0.0	50000000.0			various	3912500.0					John E. Lux, Esq.	75000.0			Various States	12500.0		46000000.0	
0001264931-19-000005	Tier1	Unaudited	Y	N	N	Y	N	N	207000000	37724937	0.0025	500000.0	17500.0	0.0	0.0	517500.0	NONE	0.0	TO BE DETERMINED	0.0	N/A	0.0	N/A	0.0	LAW OFFICES OF HAROLD H. MARTIN	18000.0	N/A	0.0	TO BE DETERMINED	0.0		500000.0	
0001683168-19-000068	Tier1	Unaudited	Y	N	N	Y	N	N	300000000	501082694	0.0017000000000000001	525000.0	0.0	0.0	0.0	525000.0									John E. Lux, Esq.	25000.0			Various States	2500.0		477273.0	
0001683168-19-000051	Tier2	Audited	Y	Y	N	Y	N	N	510	0	120.0	61200.0	0.0	0.0	0.0	61200.0							IndigoSpire CPA Group, LLC	0.0	Procopio, Cory, Hargreaves & Savitch, LLP	0.0						61200.0	Estimated net proceeds does not reflect offering expenses because such expenses will be paid by the Manager as it relates to the Series Palace Foal.
0001493152-19-000264	Tier2	Audited	Y	N	N	Y	Y	N	99825	0	20.0	1996500.0	0.0	0.0	0.0	1996500.0	N/A	0.0	N/A	0.0	N/A	0.0	Mayer Hoffman McCann, P.C	20000.0	Anthony L.G., PLLC	100000.0	N/A	0.0	Anthony L.G., PLLC	9500.0	000000000	1996500.0	Estimated Net Proceeds Calculation (above) of $1,996,500 does not include any offering fees as all fees in connection with the offering are to be paid by Masterworks Administrative Services, LLC.
0001749817-19-000002	Tier2	Audited	Y	N	N	Y	N	N	500000	100	100.0	50000000.0	0.0	0.0	0.0	50000000.0							Citrin Cooperman & Company, LLP	10000.0	Winston & Strawn LLP	90000.0						49900000.0	
0001117768-19-000017	Tier2	Audited	N	N	N	N	N	N	50000	70951016	0.1	50000000.0	0.0	0.0	0.0	50000000.0	Legal	25000.0		0.0		0.0		0.0		0.0		0.0		0.0		4975000.0	
0001117768-19-000016	Tier2	Audited	N	N	N	N	N	N	50000	70951016	0.1	50000000.0	0.0	0.0	0.0	50000000.0	Legal	25000.0		0.0		0.0		0.0		0.0		0.0		0.0		4975000.0	
0001477932-19-000024	Tier2	Audited	Y	N	N	Y	N	N	1739132	2500000	4.0	10000009.0	0.0	0.0	0.0	10000009.0		0.0		0.0		0.0	Baker Tilly	15000.0	Trowbridge Sidoti	50000.0		0.0		0.0		10000009.0	
0001078782-19-000001	Tier2	Audited	Y	N	Y	Y	Y	Y	5315000	5915000	1.5	7500000.0	472500.0	0.0	0.0	7972500.0							Thayer ONeal Company LLC	7500.0	Frank J Hariton	1000.0						6937500.0	The estimated net proceeds reflects estimated fees paid to brokers who assist in finding buyers.
0001683168-18-003833	Tier1	Unaudited	Y	N	Y	Y	N	N	15000000000	2438506953	0.001	15000000.0	0.0	0.0	0.0	15000000.0									John E. Lux, Esq.	25000.0			Various	2500.0		14942500.0	
