ACCESSION_NUMBER	STREET1	STREET2	CITY	STATEORCOUNTRY	ZIPCODE	PHONENUMBER	CONNECTIONNAME	INDUSTRYGROUP	CASHEQUIVALENTS	INVESTMENTSECURITIES	TOTALINVESTMENTS	ACCOUNTSRECEIVABLE	LOANS	PROPERTYPLANTEQUIPMENT	PROPERTYANDEQUIPMENT	TOTALASSETS	ACCOUNTSPAYABLE	POLICYLIABILITIESANDACCRUALS	DEPOSITS	LONGTERMDEBT	TOTALLIABILITIES	TOTALSTOCKHOLDEREQUITY	TOTALLIABILITIESANDEQUITY	TOTALREVENUES	TOTALINTERESTINCOME	COSTANDEXPENSESAPPLTOREVENUES	TOTALINTERESTEXPENSES	DEPRECIATIONANDAMORTIZATION	NETINCOME	EARNINGSPERSHAREBASIC	EARNINGSPERSHAREDILUTED	NAMEAUDITOR	CERTIFYIFTRUE	CERTIFYIFNOTDISQUALIFIED	CERTIFYIFBADACTOR	JURISDICTIONSOFSECOFFEREDNONE	JURISDICTIONSOFSECOFFEREDSAME	IFUNREGSITEREDNONE	SECURITIESACTEXCEMPTION
0001213900-19-005271	5910 Pacific Center Blvd.	Ste 300	SAN DIEGO	CA	92121	800-268-0719	Lisa Sanford	Other	366435.0	0.0		0.0		91057.0		946559.0	7307794.0			0.0	7307794.0	-6361235.0	946559.0	0.0		3139193.0		3072.0	-3479067.0	-0.35000000000000003	-0.35000000000000003	Deloitte & Touche LLP	true	true		true			Rule 506(b) of Regulation D and Rule 701 of the Securities Act.
0001144204-19-016870	600 Peachtree Street	Suite 810	ATLANTA	GA	30308	404-850-9225	Brian S. Korn, Esq.	Other	1069392.0	0.0		38761717.0		813104.0		43013583.0	2493158.0			0.0	45864289.0	-2850706.0	43013583.0	2171786.0		-423776.0		375532.0	-6100655.0	-2.0	-2.0	Hughes Pittman & Gupton, LLP	true	true		true			Regulation A, Rule 506 of Regulation D, and Rule 506 of Regulation D, respectively.
0001144204-19-016865	600 Peachtree Street	Suite 810	ATLANTA	GA	30308	404-850-9225	Nick Bhargava	Other	1069392.0	0.0		38761717.0		813104.0		43013583.0	2493158.0			0.0	45864289.0	-2850706.0	43013583.0	2171786.0		-423776.0		375532.0	-6100655.0	-2.0	-2.0	Hughes Pittman & Gupton, LLP	true	true		true			Regulation A, Rule 506 of Regulation D, and Rule 506 of Regulation D, respectively.
0001445866-19-000310	30 N GOULD STREET STE 7837		SHERIDAN	WY	82801	307-275-8228	Melandrew Santos	Other	305.05	0.0		0.0		0.0		65.35	0.0			0.0	0.0	305.05	65.35	0.0		239.70000000000002		0.0	-239.70000000000002	0.0	0.0	Michelle Hitchcock Bookkeeping	true	true	false	false	true	false	Section 4(a)(2)- an issuer not involved in any public offering. All securities are issued as payment for service rendered.
0001104659-19-018303	10780 Santa Monica Blvd.	Suite 140	Los Angeles	CA	90025	310-907-7144	Lauren B. Prevost	Other	1312851.0	0.0		43447375.0		0.0		47470816.0	332241.0			0.0	544585.0	46926232.0	47470816.0	403710.0		14677.0		0.0	389037.0	0.0	0.0	CohnReznick LLP	true	true	false	false	true	false	Section 4(a)(2) of the Securities Act
0001437749-19-005903	1000 CENTRE AVE, SUITE 120		FORT COLLINS	CO	80526	970-282-0156	Brett Hanson	Other	919839.0	0.0		7425234.0		1951435.0		18769975.0	4030855.0			18971472.0	32731292.0	-13961317.0	18769975.0	546.0		80279.0		1588987.0	-4496800.0	-2.4	-2.39	Interim is unaudited	true	true	false	true	false	false	Private placement per Reg. D/Rule 506.
0001019056-19-000222	120 WALL STREET	25TH FLOOR	NEW YORK	NY	10005	212-269-1400	Andrew Russell	Other	1734463.0	135000.0		0.0		0.0		1869463.0	10000.0			0.0	10000.0	1859463.0	1869463.0	0.0		514420.0		0.0	-514420.0	0.0	0.0	Friedman LLP	true	true		true			Securities Act Section 4(a)(2)
0000715812-19-000009	708 CHURCH STREET	SUITE 227	EVANSTON	IL	60201	847-859-6645	Timothy P. Fitzgerald	Other	458373.0	0.0		8273228.0		33968364.0		42806531.0	307656.0			16474268.0	16781924.0	26024607.0	42806531.0	1598834.0		1238655.0		143006.0	217173.0	4.4	4.18	Plante & Moran, PLLC	true	true		true			Rule 506(c) of Regulation D.  The facts relied on were that all investors in the offering were accredited investors and the issuer took reasonable steps to verify that the investors were accredited investors.
0001078782-19-000252	300 ARAGON AVENUE SUITE 375		CORAL GABLES	FL	33134	954-951-8191	Scott Doney	Other	18067.0	0.0		2135111.0		283733.0		2436911.0	2285280.0			91587.0	2376867.0	60044.0	2436911.0	3794539.0		3709311.0		18450.0	-503595.0	-0.03	-0.03	Boyle CPA LLC	true	true	false	true	false	false	Section 4(a)(2) and/or Rule 506(b).
0001731122-19-000142	5000 W. Tilghman Street, Suite 249		Allentown	PA	18104-9109	484-712-7372	Jeffrey Cella	Other	336938.0	0.0		4722740.0		0.0		5059678.0	5026171.0			0.0	5026171.0	33507.0	5059678.0	208789.0		130282.0		0.0	78507.0	0.0	0.0	Spiegel Accountancy Corporation	true	true		true			Notes sold by CF FUND II, LLC were sold pursuant to Tier 1 of Regulation A of the Securities Act
0001078782-19-000249	300 ARAGON AVENUE SUITE 375		CORAL GABLES	FL	33134	954-951-8191	Scott Doney	Other	18067.0	0.0		2135111.0		283733.0		2436911.0	2285280.0			91587.0	2376867.0	60044.0	2436911.0	3794539.0		3709311.0		18450.0	-503595.0	-0.03	-0.03	Boyle CPA LLC	true	true	false	true	false	false	Section 4(a)(2) and/or Rule 506(b).
0001760319-19-000006	3699 WILSHIRE BLVD	SUITE 610	LOS ANGELES	CA	90010	3108951839	Frank Igwealor	Other	1393.0	0.0		0.0		0.0		1393.0	2400.0			9038.0	11438.0	-10045.0	1393.0	0.0		30154.0		0.0	-30154.0	0.0	0.0	MICHAEL J HADZIPANAJOTIS, CPA	true	true	false	false	true	false	The issuance of the 7,700,000 exchange shares of Common Stock is exempted from registration under Section 4(a)(2) of Securities
0001144204-19-016178	75 Fifth Street, NW	Suite 2170	ATLANTA	GA	30308	404-850-9225	Nick Bhargava	Other	921594.0	0.0		20120085.0		433452.0		21507228.0	16872490.0			0.0	22787493.0	-1280265.0	21507228.0	804936.0		117587.0		102471.0	-1976473.0	-1.75	-1.75	Hughes Pittman and Gupton LLP	true	true		true			Regulation A, Rule 506 of Regulation D, and Rule 506 of Regulation D, respectively.
0001437749-19-005758	1000 CENTRE AVE, SUITE 120		FORT COLLINS	CO	80526	970-282-0156	Brett Hanson	Other	919839.0	0.0		7425234.0		1951435.0		18769975.0	4030855.0			18971472.0	32731292.0	-13961317.0	18769975.0	546.0		80279.0		1588987.0	-4496800.0	-2.4	-2.39	Interim is unaudited	true	true	false	true	false	false	Private placement per Reg. D/Rule 506.
0001477932-19-001196	2155 Woodlane Drive	Ste 102	Woodbury	MN	55125	651-337-4799	Jillian Sidoti	Other	1498306.0	0.0		0.0		0.0		1773042.0	0.0			0.0	0.0	1773042.0	1773042.0	0.0		838666.0		0.0	838666.0	0.0	0.0	Baker Tilly	true	true	false	true		false	180,131 Preferred Shares were sold pursuant Rule 506(c). 2,500,000 Class A Common Shares were sold pursuant to Rule 506(b). 1,500,000 Class B Common Shares were sold officers and insiders were sold pursuant to 4(2).
0001144204-19-016032	2738 FALKENBURG RD. S.		RIVERVIEW	FL	33578	813-621-5000	Jamie Ostrow	Other	180.0	0.0		0.0		0.0		3513.0	65655.0			0.0	65655.0	-62142.0	3513.0	0.0		0.0		0.0	0.0	0.0	0.0	IndigoSpires CPA Group, LLC	true	true		true			Section 4(a)(2) of the Securities Act
0001104659-19-017475	10780 Santa Monica Blvd.	Suite 140	Los Angeles	CA	90025	310-907-7144	Lauren B. Prevost	Other	1312851.0	0.0		43447375.0		0.0		47470816.0	332241.0			0.0	544585.0	46926232.0	47470816.0	403710.0		14677.0		0.0	389037.0	0.0	0.0	CohnReznick LLP	true	true	false	false	true	false	Section 4(a)(2) of the Securities Act
0001683168-19-000774	20 E. THOMAS ROAD, SUITE 2200		PHOENIX	AZ	85012	602-502-0602	John E. Lux, Esq.	Other	0.0	0.0		0.0		0.0		0.0	845887.0			4498104.0	6087729.0	-6087729.0	0.0	0.0		0.0		0.0	0.0	0.0	0.0		true	true		true		true	
0001477932-19-001151	2155 Woodlane Drive	Ste 102	Woodbury	MN	55125	651-337-4799	Jillian Sidoti	Other	1498306.0	0.0		0.0		0.0		1773042.0	0.0			0.0	0.0	1773042.0	1773042.0	0.0		838666.0		0.0	838666.0	0.0	0.0	Baker Tilly	true	true	false	true		false	180,131 Preferred Shares were sold pursuant Rule 506(c). 2,500,000 Class A Common Shares were sold pursuant to Rule 506(b). 1,500,000 Class B Common Shares were sold officers and insiders were sold pursuant to 4(2).
0001758868-19-000002	8 The Green, STE A		Dover	DE	19901	3125619790	Robert Werner	Other	0.0	0.0		0.0		0.0		2248.0	3258.0			0.0	3258.0	-1015.0	2248.0	0.0		0.0		0.0	-1015.0	0.0	0.0		true	true	false	false	true	true	
0001213900-19-004701	6930 Carroll Avenue	Suite 432	Takoma Park	MD	20912	301-452-8111	Neal Holtz	Other	3418.0	0.0		0.0		3451.0		6869.0	1251.0			5406.0	122913.0	-116044.0	6869.0	0.0		0.0		0.0	-56262.0	0.0	0.0	SADLER, GIBB & ASSOCIATES, LLC	true	true		true			4(a)(2)
0001376474-19-000053	ONE STEUBEN SQUARE		HORNELL	NY	14843-1699	607-324-5010	Helen A. Zamboni	Banking	8378000.0	180323000.0			338387000.0		6411000.0	551105000.0	5536000.0		462024000.0	2062000.0	492622000.0	58483000.0	551105000.0		21521000.0		2337000.0	482000.0	6902000.0	4.12	4.11	Crowe LLP	true	true	false	true	false	true	
0001393905-19-000084	7660-H FAY AVENUE	#359	LA JOLLA	CA	92037	858-265-9347	Brent Willson	Other	55070.0	0.0		0.0		0.0		55070.0	20508.0			104698.0	125206.0	-70136.0	55070.0	0.0		100095.0		0.0	-101791.0	-0.97	-0.97	MaloneBailey, LLP	true	true	false	false	true	false	Section 4(a)(2); Rule 506 of Regulation D
0001765320-19-000002	47123 Michel Road		Ronan	MT	59864	4062140589	Eric Newlan	Other	37662.0	0.0		5000.0		0.0		42662.0	0.0			0.0	0.0	42662.0	42662.0	0.0		138.0		0.0	-138.0	0.0	0.0	Cashuk, Wiseman, Goldberg, Birnbaum & Salem, LLP	true	true	false	true	false	false	SECTION 4(A)(2); SECTION 4(A)(2); RULE 506
0001683168-19-000742	523 US Highway 41 South		INVERNESS	FL	34450	352-765-3850	John E. Lux, Esq.	Other	101849.0	0.0		0.0		285062.0		386911.0	143410.0			255847.0	399257.0	-12346.0	386911.0	0.0		479893.0		5625.0	-505670.0	0.0	0.0	Assurance Dimensions	true	true		true			Exempt from registration under Section 4(2) Securities Act and Rules promulgated thereunder.
0001144204-19-015156	1801 CENTURY PARK EAST 24TH FLOOR		LOS ANGELES	CA	90067	510-459-7894	Jamie Ostrow	Other	220173.0	0.0		255120.0		23579.0		962455.0	181958.0			0.0	182141.0	780314.0	962455.0	18676.0		13018.0		4840.0	-1096866.0	-0.52	-0.52	Artesian CPA, LLC	true	true		true			Regulation CF under Section 4(a)(6)
0001615774-19-004280	450 Main Street Unit 1715		Park City	UT	84060	833-326-3342	Jeffrey S. Marks	Other	0.0	0.0		0.0		0.0		0.0	0.0			0.0	0.0	0.0	0.0	0.0		0.0		0.0	0.0	0.0	0.0	N/A	true	true	false	false	true	false	Section 4(a)(2) of the Securities Act
0001615774-19-004278	450 Main Street Unit 1715		Park City	UT	84060	833-326-3342	Jeffrey S. Marks	Other	0.0	0.0		0.0		0.0		0.0	0.0			0.0	0.0	0.0	0.0	0.0		0.0		0.0	0.0	0.0	0.0	N/A	true	true	false	false	true	false	Section 4(a)(2) of the Securities Act
0001615774-19-004276	450 Main Street Unit 1715		Park City	UT	84060	833-326-3342	Jeffrey S. Marks	Other	0.0	0.0		0.0		0.0		0.0	0.0			0.0	0.0	0.0	0.0	0.0		0.0		0.0	0.0	0.0	0.0	N/A	true	true	false	false	true	false	Section 4(a)(2) of the Securities Act
0001615774-19-004275	450 Main Street Unit 1715		Park City	UT	84060	833-326-3342	Jeffrey S. Marks	Other	0.0	0.0		0.0		0.0		0.0	0.0			0.0	0.0	0.0	0.0	0.0		0.0		0.0	0.0	0.0	0.0	N/A	true	true	false	false	true	false	Section 4(a)(2) of the Securities Act
0001615774-19-004272	450 Main Street Unit 1715		Park City	UT	84060	833-326-3342	Jeffrey S. Marks	Other	0.0	0.0		0.0		0.0		0.0	0.0			0.0	0.0	0.0	0.0	0.0		0.0		0.0	0.0	0.0	0.0	N/A	true	true	false	false	true	false	Section 4(a)(2) of the Securities Act
0001615774-19-004270	450 Main Street Unit 1715		Park City	UT	84060	833-326-3342	Jeffrey S. Marks	Other	0.0	0.0		0.0		0.0		0.0	0.0			0.0	0.0	0.0	0.0	0.0		0.0		0.0	0.0	0.0	0.0	N/A	true	true	false	false	true	false	Section 4(a)(2) of the Securities Act
0001615774-19-004269	450 Main Street Unit 1715		Park City	UT	84060	833-326-3342	Jeffrey S. Marks	Other	0.0	0.0		0.0		0.0		0.0	0.0			0.0	0.0	0.0	0.0	0.0		0.0		0.0	0.0	0.0	0.0	N/A	true	true	false	false	true	false	Section 4(a)(2) of the Securities Act
0001615774-19-004267	450 Main Street	Unit 1715	Park City	UT	84060	833-326-3342	Jeffrey S. Marks	Other	0.0	0.0		0.0		0.0		0.0	0.0			0.0	0.0	0.0	0.0	0.0		0.0		0.0	0.0	0.0	0.0	N/A	true	true	false	false	true	false	Section 4(a)(2) of the Securities Act
0001615774-19-004266	450 Main Street Unit 1715		Park City	UT	84060	833-326-3342	Jeffrey S. Marks	Other	0.0	0.0		0.0		0.0		0.0	0.0			0.0	0.0	0.0	0.0	0.0		0.0		0.0	0.0	0.0	0.0	N/A	true	true	false	false	true	false	Section 4(a)(2) of the Securities Act
0001615774-19-004263	450 Main Street Unit 1715		Park City	UT	84060	833-326-3342	Jeffrey S. Marks	Other	0.0	0.0		0.0		0.0		0.0	0.0			0.0	0.0	0.0	0.0	0.0		0.0		0.0	0.0	0.0	0.0	N/A	true	true	false	false	true	false	Section 4(a)(2) of the Securities Act
0001615774-19-004261	450 Main Street Unit 1715		Park City	UT	84060	833-326-3342	Jeffrey S. Marks	Other	0.0	0.0		0.0		0.0		0.0	0.0			0.0	0.0	0.0	0.0	0.0		0.0		0.0	0.0	0.0	0.0	N/A	true	true	false	false	true	false	Section 4(a)(2) of the Securities Act
0001615774-19-004260	450 Main Street Unit 1715		Park City	UT	84060	833-326-3342	Jeffrey S. Marks	Other	0.0	0.0		0.0		0.0		0.0	0.0			0.0	0.0	0.0	0.0	0.0		0.0		0.0	0.0	0.0	0.0	N/A	true	true	false	false	true	false	Section 4(a)(2) of the Securities Act
0001144204-19-014909	20C Trolley Square		Wilmington	DE	19806	844-843-7296	Massimo Barone, CEO	Other	417.0	0.0		35000.0		0.0		769880.0	1454612.0			0.0	3785310.0	-3015430.0	769880.0	28581.0		117557.0		0.0	446728.0	0.0	0.0	Maillie LLP.	true	true	true		true	true	
0001213900-19-004466	124 Main Street		Delhi	NY	13753	855-413-3544	Abby E. Brown, Esq.	Banking	7680.0	99644.0			173681.0		3465.0	295203.0	3893.0		263369.0	186.0	267543.0	27660.0	295203.0		9511.0		1337.0	987.0	2408.0	1.56	1.56	Baker Tilly Virchow Krause, LLP	true	true		true			Exempt offering under Regulation A pursuant to a qualified offering statement dated March 15, 2018.
0001493152-19-003562	SPRING PLACE, 6 ST JOHNS LANE	7th FLOOR	NEW YORK	NY	10013	203-518-5172	LAURA ANTHONY	Other	100.0	0.0		0.0		0.0		100.0	0.0			0.0	0.0	100.0	100.0	0.0		0.0		0.0	0.0	0.0	0.0	Mayer Hoffman McCann, P.C.	true	true			true		The foregoing issuances were pursuant to Section 4(a)(2) of the Securities Act of 1933, as amended, for transactions by an issuer not involving any public offering.
0001144204-19-014672	75 Fifth Street, NW	Suite 2170	ATLANTA	GA	30308	404-850-9225	Nick Bhargava	Other	921594.0	0.0		20120085.0		433452.0		21507228.0	16872490.0			0.0	22787493.0	-1280265.0	21507228.0	804936.0		117587.0		102471.0	-1976473.0	-1.75	-1.75	Hughes Pittman and Gupton LLP	true	true		true			Regulation A, Rule 506 of Regulation D, and Rule 506 of Regulation D, respectively.
0001213900-19-004381	7582 LAS VEGAS BLVD.		LAS VEGAS	NV	89123	702-721-9915	Mr. Darryl Payne	Other	489.0	0.0		0.0		0.0		489.0	88124.0			0.0	88124.0	-87635.0	489.0	0.0		0.0		0.0	-368331.0	-0.02	-0.02	AJ Robbins CPA, LLC	true	true			true		The issuances of the shares were made in reliance on the exemption from registration provided in Section 4(a)(2) of the Securities Act for transactions not involving any public offering.
0001615774-19-004155	12465 South Fort St	suite 240	Draper	UT	84020	941-225-6699	John Brannelly, Attorney	Other	91810.0	0.0		0.0		0.0		91810.0	7705.0			0.0	68030.0	23780.0	91810.0	0.0		171220.0		0.0	171220.0	0.02	0.02	MaloneBailey, LLP	true	true	false	false	true	false	Jobs act, rule 506 and Regulation D
0001117768-19-000152	12411 Poway Road		Poway	CA	92064	760-916-7444	Matheau J. W. Stout, Esq.	Other	57335.0	0.0		98107.0		295557.0		10446644.0	449244.0			750053.0	1199297.0	9247347.0	10446644.0	2961579.0		3079502.0		120721.0	0.0	0.0	0.0	NONE	true	true	false			false	Rule 144 and/or Section 4(a)(2) of the Securities Act of 1933
0001683168-19-000661	78 READE STREET, SUITE 4FW		NEW YORK	NY	10007	212-349-7068	William Eilers	Other	286787.0	0.0		169478.0		1982045.0		2771310.0	3172092.0			1683.0	3173775.0	-402465.0	2771310.0	0.0		0.0		0.0	-1588806.0	0.0	0.0		true	true			true	true	
0001144204-19-013755	53 BRIDGE STREET UNIT 507		BROOKLYN	NY	11251	718-576-3205	Andrew Stephenson	Other	922108.0	0.0		0.0		0.0		1184254.0	2352.28			180000.0	2575280.0	1391026.0	1184254.0	0.0		0.0		30957.0	-712268.0	-0.28	-0.28	Fruci and Associates II, PLLC	true	true			true		Rule 506(c) of Regulation D
0001683168-19-000639	523 S. HIGHWAY 41		INVERNESS	FL	34450	352-765-3850	John E. Lux, Esq.	Other	101849.0	0.0		0.0		285062.0		386911.0	143410.0			255847.0	399257.0	-12346.0	386911.0	0.0		479893.0		5625.0	-505670.0	0.0	0.0	Assurance Dimensions	true	true		true			Exempt from registration under Section 4(2) Securities Act and Rules promulgated thereunder.
0001615774-19-004000	450 Main Street Unit 1715		Park City	UT	84060	833-326-3342	Jeffrey S. Marks	Other	0.0	0.0		0.0		0.0		0.0	0.0			0.0	0.0	0.0	0.0	0.0		0.0		0.0	0.0	0.0	0.0	N/A	true	true	false	false	true	false	Section 4(a)(2) of the Securities Act
0001615774-19-003979	450 Main Street Unit 1715		Park City	UT	84060	833-326-3342	Jeffrey S. Marks	Other	0.0	0.0		0.0		0.0		0.0	0.0			0.0	0.0	0.0	0.0	0.0		0.0		0.0	0.0	0.0	0.0	N/A	true	true	false	false	true	false	Section 4(a)(2) of the Securities Act
0001437749-19-004703	1000 CENTRE AVE, SUITE 120		FORT COLLINS	CO	80526	970-282-0156	Brett Hanson	Other	919839.0	0.0		7425234.0		1951435.0		18769975.0	4030855.0			8971472.0	32731292.0	-13961317.0	18769975.0	546.0		80279.0		1588987.0	-4496800.0	-2.4	-2.39	Interim is unaudited	true	true	false	true	false	false	Private placement per Reg. D/Rule 506.
0001721868-19-000107	24 FLAMINGO RUN		ROSLYN	NY	11576	515-637-4061	Steve Berman	Other	117285.0	0.0		4851862.0		0.0		8114147.0	2726056.0			2000000.0	4726056.0	3388091.0	8114147.0	4551116.0		2822199.0		0.0	1619050.0	0.0	0.0		true	true		true		true	
0001144204-19-013333	1601 Connecticut Avenue NW	Suite 300	WASHINGTON	DC	20009	202-584-0550	Bjorn Hall	Other	5000.0	0.0		0.0		0.0		5000.0	0.0			0.0	0.0	5000.0	5000.0	0.0		0.0		0.0	0.0	0.0	0.0	RSM US LLP	true	true		true			Rise Companies Corp. has purchased 500 common shares for a purchase price of $5,000 in a private offering. Such issuance was exempt from the registration requirements of the Securities Act pursuant to Section 4(a)(2) thereof.
0001144204-19-013332	1601 Connecticut Avenue NW	Suite 300	WASHINGTON	DC	20009	202-584-0550	Bjorn Hall	Other	5000.0	0.0		0.0		0.0		5000.0	0.0			0.0	0.0	5000.0	5000.0	0.0		0.0		0.0	0.0	0.0	0.0	RSM US LLP	true	true		true			Rise Companies Corp. has purchased 500 common shares for a purchase price of $5,000 in a private offering. Such issuance was exempt from the registration requirements of the Securities Act pursuant to Section 4(a)(2) thereof.
0001393905-19-000072	7660-H FAY AVENUE	#359	LA JOLLA	CA	92037	858-265-9347	Brent Willson	Other	55070.0	0.0		0.0		0.0		55070.0	20508.0			104698.0	125206.0	-70136.0	55070.0	0.0		100095.0		0.0	-101791.0	-0.97	-0.97	MaloneBailey, LLP	true	true	false	false	true	false	Section 4(a)(2); Rule 506 of Regulation D
0001615774-19-003876	450 Main Street Unit 1715		Park City	UT	84060	833-326-3342	Jeffrey S. Marks	Other	0.0	0.0		0.0		0.0		0.0	0.0			0.0	0.0	0.0	0.0	0.0		0.0		0.0	0.0	0.0	0.0	N/A	true	true	false	false	true	false	Section 4(a)(2) of the Securities Act
0001615774-19-003872	450 Main Street	Unit 1715	Park City	UT	84060	833-326-3342	Jeffrey S. Marks	Other	0.0	0.0		0.0		0.0		0.0	0.0			0.0	0.0	0.0	0.0	0.0		0.0		0.0	0.0	0.0	0.0	N/A	true	true	false	false	true	false	Section 4(a)(2) of the Securities Act
0001615774-19-003869	450 Main Street Unit 1715		Park City	UT	84060	833-326-3342	Jeffrey S. Marks	Other	0.0	0.0		0.0		0.0		0.0	0.0			0.0	0.0	0.0	0.0	0.0		0.0		0.0	0.0	0.0	0.0	N/A	true	true	false	false	true	false	Section 4(a)(2) of the Securities Act
0001214659-19-002011	80 WEST SIERRA BOULEVARD	#141	SIERRA MADRE	CA	91024	626-355-1049	Benjamin Feldman, FGRB, PLLC	Other	4136.0	0.0		0.0		0.0		4136.0	1256.0			0.0	1256.0	2880.0	4136.0	0.0		5117.0		0.0	-5917.0	0.0	0.0	Cashuk, Wiseman, Goldberg, Birnbaum & Salem, LLP	true	true			true	true	
0001615774-19-003791	450 Main Street Unit 1715		Park City	UT	84060	833-326-3342	Jeffrey S. Marks	Other	0.0	0.0		0.0		0.0		0.0	0.0			0.0	0.0	0.0	0.0	0.0		0.0		0.0	0.0	0.0	0.0	N/A	true	true	false	false	true	false	Section 4(a)(2) of the Securities Act
0001615774-19-003754	450 Main Street Unit 1715		Park City	UT	84060	833-326-3342	Jeffrey S. Marks	Other	0.0	0.0		0.0		0.0		0.0	0.0			0.0	0.0	0.0	0.0	0.0		0.0		0.0	0.0	0.0	0.0	N/A	true	true	false	false	true	false	Section 4(a)(2) of the Securities Act
0001213900-19-003728	300 South Orange Ave, Suite 1000		Orlando	FL	32801	407-378-6868	Markley Roderick	Other	0.0	0.0		0.0		0.0		81533.0	83273.0			0.0	83273.0	1740.0	81533.0	0.0		0.0		0.0	0.0	0.0	0.0	NONE	true	true		true		true	
0001144204-19-012709	750 N. SAN VICENTE BLVD	SUITE 800	WEST HOLLYWOOD	CA	90069	800-317-2200	Jamie Ostrow	Other	807657.0	2387097.0		545747.0		5716.0		4466230.0	629789.0			0.0	1142227.0	3324003.0	4466230.0	2421061.0		1150009.0		1289.0	-1806632.0	-0.25	-0.25	dbbmckennon	true	true		true			Regulation D under the Securities Act
0001615774-19-003726	450 Main Street Unit 1715		Park City	UT	84060	833-326-3342	Jeffrey S. Marks	Other	0.0	0.0		0.0		0.0		0.0	0.0			0.0	0.0	0.0	0.0	0.0		0.0		0.0	0.0	0.0	0.0	N/A	true	true	false	false	true	false	Section 4(a)(2) of the Securities Act
0001615774-19-003723	450 Main Street Unit 1715		Park City	UT	84060	833-326-3342	Jeffrey S. Marks	Other	0.0	0.0		0.0		0.0		0.0	0.0			0.0	0.0	0.0	0.0	0.0		0.0		0.0	0.0	0.0	0.0	N/A	true	true	false	false	true	false	Section 4(a)(2) of the Securities Act
0001615774-19-003721	450 Main Street Unit 1715		Park City	UT	84060	833-326-3342	Jeffrey S. Marks	Other	0.0	0.0		0.0		0.0		0.0	0.0			0.0	0.0	0.0	0.0	0.0		0.0		0.0	0.0	0.0	0.0	N/A	true	true	false	false	true	false	Section 4(a)(2) of the Securities Act
0001445866-19-000214	2090 N. KOLB ROAD, STE 120.		TUCSON	AZ	85715	888-444-2102	J Martin Tate	Banking	0.0	0.0			81893.0		0.0	81893.0	20017.0		0.0	85051.0	105068.0	-23085.0	81893.0		0.0		0.0	0.0	23085.0	23085.0	0.0	dbbmckennon	true	true	false	false	true	false	506(b)
0001144204-19-012639	75 Fifth Street, NW	Suite 2170	ATLANTA	GA	30308	404-850-9225	Nick Bhargava	Other	921594.0	0.0		20120085.0		433452.0		21507228.0	16872490.0			0.0	22787493.0	-1280265.0	21507228.0	804936.0		117587.0		102471.0	-1976473.0	-1.75	-1.75	Hughes Pittman and Gupton LLP	true	true		true			Regulation A, Rule 506 of Regulation D, and Rule 506 of Regulation D, respectively.
0001144204-19-012509	2738 FALKENBURG RD. S.		RIVERVIEW	FL	33578	813-621-5000	Jamie Ostrow	Other	180.0	0.0		0.0		0.0		3513.0	65655.0			0.0	65655.0	-62142.0	3513.0	0.0		0.0		0.0	0.0	0.0	0.0	IndigoSpires CPA Group, LLC	true	true		true			Section 4(a)(2) of the Securities Act
0001213900-19-003635	228 Park Avenue South #67157		New York	NY	10003	844-736-7531	Paul Birkett	Other	0.0	0.0		0.0		0.0		0.0	0.0			0.0	0.0	0.0	0.0	0.0		0.0		0.0	0.0	0.0	0.0	Artesian CPA, LLC	true	true		true		true	
0001761911-19-000001	418 Broadway		Albany	NY	12207	1-518-396-5853	Andy Altahawi	Other	24784.0	574.0		18082.0		655204.0		698645.0	42400.0			70498.0	112898.0	585477.0	698645.0	174113.0		186454.0		107992.0	-303180.0	0.0	0.0	IndigoSpire CPA Group, LLC	true	true	false	false	true	false	Class A stock Exempt from registration under Rule 506(c) of the Securities Act. Class B stock under Section 4(a)(2).
0001615774-19-003669	450 Main Street Unit 1715		Park City	UT	84060	833-326-3342	Jeffrey S. Marks	Other	0.0	0.0		0.0		0.0		0.0	0.0			0.0	0.0	0.0	0.0	0.0		0.0		0.0	0.0	0.0	0.0	N/A	true	true	false	false	true	false	Section 4(a)(2) of the Securities Act
0001615774-19-003654	450 Main Street Unit 1715		Park City	UT	84060	833-326-3342	Jeffrey S. Marks	Other	0.0	0.0		0.0		0.0		0.0	0.0			0.0	0.0	0.0	0.0	0.0		0.0		0.0	0.0	0.0	0.0	N/A	true	true	false	false	true	false	Section 4(a)(2) of the Securities Act
0001760319-19-000001	21800 S Avalon Blvd	Unit 410	Carson	CA	90745	3108951839	Frank Igwealor	Other	200.0	0.0		0.0		0.0		200.0	1600.0			11976.0	13576.0	-13376.0	200.0	0.0		2826.0		0.0	-2826.0	0.0	0.0	MICHAEL J HADZIPANAJOTIS, CPA	true	true	false	false	true	false	The issuance of the 7,700,000 exchange shares of Common Stock is exempted from registration under Section 4(a)(2) of Securities
0001144204-19-012168	30 N Gould St, Ste R		Sheridan	WY	82801	800-801-4703	Alastair Caithness	Other	47994.0	0.0		8194.0		3836342.0		3892530.0	0.0			0.0	24770.0	3867760.0	3892530.0	85775.0		467015.0		0.0	-381240.0	-0.03	-0.03		true	true			true	true	
0001683168-19-000545	18351 Eddy Street	Suite B	Northridge	CA	91325	818-465-1295	John Lux	Other	28753.0	0.0		81004.0		389122.0		1188517.0	228980.0			382311.0	611291.0	575226.0	1188517.0	865465.0		376895.0		56634.0	55596.0	0.0	0.0		true	true			true		0
0001022183-19-000002	10901 Roosevelt Blvd	Suite 1000c	Saint Petersburg	FL	33716	7203703554	sam Talari	Other	6820.0	40471.0		11678.0		3714.0		62683.0	175340.0			433549.0	1443898.0	1380715.0	62683.0	35695.0		265539.0		0.0	245653.0	0.0	0.0	Karin Rohret	true	true	false	true	false	true	
0001144204-19-012031	750 N. SAN VICENTE BLVD	SUITE 800	WEST HOLLYWOOD	CA	90069	800-317-2200	Jamie Ostrow	Other	807657.0	2387097.0		545747.0		5716.0		4466230.0	629789.0			0.0	1142227.0	3324003.0	4466230.0	2421061.0		1150009.0		1289.0	-1806632.0	-0.25	-0.25	dbbmckennon	true	true		true			Regulation D under the Securities Act
0001766570-19-000002	2100 Powers Ferry Road S.E.	Suite 370	Atlanta	GA	30339	8334264260	Kendall Almerico	Other	0.0	0.0		0.0		0.0		0.0	0.0			0.0	0.0	22250.0	0.0	0.0		0.0		0.0	-34013.0	0.0	0.0	Indigospire	true	true	false	false	true	true	
0001615774-19-003467	450 Main Street Unit 1715		Park City	UT	84060	833-326-3342	Jeffrey S. Marks	Other	0.0	0.0		0.0		0.0		0.0	0.0			0.0	0.0	0.0	0.0	0.0		0.0		0.0	0.0	0.0	0.0	N/A	true	true	false	false	true	false	Section 4(a)(2) of the Securities Act
0001437749-19-003774	1000 CENTRE AVE, SUITE 120		FORT COLLINS	CO	80526	970-282-0156	Brett Hanson	Other	919839.0	0.0		7425234.0		1951435.0		18769975.0	2793713.0			18971472.0	32731292.0	-13961317.0	18769975.0	546.0		80279.0		1588987.0	-4496800.0	-2.4	-2.39	Interim is unaudited	true	true	false	true	false	false	Private placement per Reg. D/Rule 506.
0000715812-19-000002	708 Church Street	Suite 234	Evanston	IL	60201	847-859-6645	Timothy P. Fitzgerald	Other	458373.0	0.0		8273228.0		33968364.0		42806531.0	307656.0			16474268.0	16781924.0	26024607.0	42806531.0	1598834.0		1238655.0		143006.0	217173.0	4.4	4.18	Plante & Moran, PLLC	true	true		true			Rule 506(c) of Regulation D.  The facts relied on were that all investors in the offering were accredited investors and the issuer took reasonable steps to verify that the investors were accredited inventors.
0001683168-19-000514	523 S. HIGHWAY 41		INVERNESS	FL	34450	352-765-3850	John E. Lux, Esq.	Other	101849.0	0.0		0.0		285062.0		386911.0	143410.0			255847.0	399257.0	-12346.0	386911.0	0.0		479893.0		5625.0	-505670.0	0.0	0.0	Assurance Dimensions	true	true		true			Exempt from registration under Section 4(2) Securities Act and Rules promulgated thereunder.
0001144204-19-010451	1601 Connecticut Avenue, NW, Suite 300		Washington	DC	20009	202-584-0550	Bjorn Hall	Other	3255000.0	0.0		2452000.0		0.0		85936000.0	66000.0			0.0	3757000.0	82179000.0	85936000.0	3835000.0		399000.0		0.0	3432000.0	0.43	0.43	RSM US LLP	true	true		true		true	
0001144204-19-010228	75 Fifth Street, NW	Suite 2170	ATLANTA	GA	30308	404-850-9225	Nick Bhargava	Other	921594.0	0.0		20120085.0		433452.0		21507228.0	16872490.0			0.0	22787493.0	-1280265.0	21507228.0	804936.0		117587.0		102471.0	-1976473.0	-1.75	-1.75	Hughes Pittman and Gupton LLP	true	true		true			Regulation A, Rule 506 of Regulation D, and Rule 506 of Regulation D, respectively.
0001144204-19-010145	75 Fifth Street, NW	Suite 2170	ATLANTA	GA	30308	404-850-9225	Nick Bhargava	Other	921594.0	0.0		20120085.0		433452.0		21507228.0	16872490.0			0.0	22787493.0	-1280265.0	21507228.0	804936.0		117587.0		102471.0	-1976473.0	-1.75	-1.75	Hughes Pittman and Gupton LLP	true	true		true			Regulation A, Rule 506 of Regulation D, and Rule 506 of Regulation D, respectively.
0001688804-19-000002	250 Lafayette Street	3R	NEW YORK	NY	10012	3479528058	Max Niederste-Ostholt	Other	9905.0	0.0		1059.0		1309958.0		1320922.0	106704.0			337798.0	444502.0	876420.0	1320922.0	0.0		27461.0		0.0	-27461.0	0.0	0.0	EisnerAmper LLP	true	true	false	true	false	false	Rule 506(c) - sale to verified accredited investors of interests in Series #77LE1
0001683168-19-000492	20 E. THOMAS ROAD, SUITE 2200		PHOENIX	AZ	85012	602-502-0602	John E. Lux, Esq.	Other	0.0	0.0		0.0		0.0		0.0	845887.0			5241842.0	6087729.0	-6087729.0	0.0	0.0		0.0		0.0	0.0	0.0	0.0		true	true		true		true	
0001078782-19-000165	2660 TOWNSGATE ROAD, SUITE 300		WESTLAKE VILLAGE	CA	91361	805-446-1973	KEITH BERMAN	Other	402796.0	0.0		968078.0		802315.0		4437992.0	1055719.0			0.0	2832402.0	1360520.0	4437992.0	653179.0		478628.0		0.0	-735369.0	-0.01	-0.01		true	true	false	true	false	false	4(a)(2)
0001144204-19-009699	600 Peachtree Street	Suite 810	ATLANTA	GA	30308	404-850-9225	Brian S. Korn, Esq.	Other	921594.0	0.0		20120085.0		433452.0		21507228.0	16872490.0			0.0	22787493.0	-1280265.0	21507228.0	804936.0		117587.0		102471.0	-1976473.0	-1.75	-1.75	Hughes Pittman and Gupton LLP	true	true		true			Regulation A, Rule 506 of Regulation D, and Rule 506 of Regulation D, respectively.
0001393905-19-000061	7660-H FAY AVENUE	#359	LA JOLLA	CA	92037	858-265-9347	Brent Willson	Other	55070.0	0.0		0.0		0.0		55070.0	20508.0			104698.0	125206.0	-70136.0	55070.0	0.0		100095.0		0.0	-101791.0	-0.97	-0.97	MaloneBailey, LLP	true	true	false	false	true	false	Section 4(a)(2); Rule 506 of Regulation D
0001640334-19-000317	3511 Del Paso Rd., Ste. 160 PMB 208		Sacramento	CA	95835	213-260-0321	Todd Higley	Other	5760.0	0.0		0.0		90285.0		99045.0	103160.0			0.0	103160.0	-4115.0	99045.0	0.0		0.0		4306.0	-205923.0	0.0	0.0	HAYNIE & COMPANY	true	true	false	true		false	Section 4(a)(2)
0001213900-19-002929	335 Madison Ave, 3rd Floor		New York	NY	10017	201-479-4408	Michael Karnjanaprakorn	Other	0.0	0.0		0.0		0.0		0.0	0.0			0.0	0.0	0.0	0.0	0.0		0.0		0.0	0.0	0.0	0.0	Jason M. Tyra, CPA, PLLC	true	true			true	true	
0001683168-19-000443	250 W. FIRST ST., STE. 256		CLAREMONT	CA	91711	909-740-9175	Michael Behrens	Other	0.0	0.0		58522.0		167599.0		226151.0	67749.0			25606.0	93355.0	132796.0	226151.0	11935.0		32226.0		14122.0	-67752.0	0.0	0.0	IndigoSpire CPA Group, LLC	true	true		true			Issuer relied on Rule 147A, promulgated under Section 28 of the Securities Act. For Series Cairo Kiss, interests were initially offered under Rule 506(c) and then, subsequently, Series Cairo Kiss Interests were offered under Rule 147A
0001640334-19-000288	3511 Del Paso Rd., Ste. 160 PMB 208		Sacramento	CA	95835	213-260-0321	Todd Higley	Other	5760.0	0.0		0.0		90285.0		99045.0	103160.0			0.0	103160.0	-4115.0	99045.0	0.0		0.0		4306.0	-205923.0	0.0	0.0	HAYNIE & COMPANY	true	true	false	true		false	Section 4(a)(2)
0001078782-19-000155	300 Aragon Avenue Suite 375		Coral Gables	FL	33134	954-951-8191	Scott Doney	Other	18067.0	0.0		2135111.0		283733.0		2436911.0	2285280.0			91587.0	2376867.0	60044.0	2436911.0	3794539.0		3709311.0		18450.0	-503595.0	-0.03	-0.03	Boyle CPA LLC	true	true	false	false	true	false	Section 4(a)(2) and/or Rule 506(b).
0001214659-19-001339	170 S. William Dillard Dr,. Ste. 1-100		Gilbert	AZ	85233	480-878-4230	John Hudnall	Other	257217.0	0.0		347482.0		2429286.0		3033985.0	995105.0			445000.0	1440105.0	1593880.0	3033985.0	6145893.0		4765298.0		0.0	1380595.0	0.14	0.14		true	true		true			The referenced shares of common stock were issued in reliance on the exemption from registration under Section 4(a)(2) and Rule 504 of Regulation D of the Securities Act.
0001737569-19-000001	1230 PEACHTREE STREET NORTH EAST	19TH FLOOR	ATLANTA	GA	30309	6784536524	Anthony Miller	Other	97.0	0.0		0.0		510.0		606.0	3500.0			0.0	3500.0	-2894.0	606.0	0.0		3587.0		0.0	-3587.0	0.0	0.0	IndigoSpire CPA Group	true	true	false	true	false	false	Section 4(a)(2)
0001104659-19-009096	10780 Santa Monica Blvd.	Suite 140	Los Angeles	CA	90025	310-907-7144	Lauren B. Prevost	Other	1312851.0	0.0		43447375.0		0.0		47470816.0	332241.0			0.0	544585.0	46926232.0	47470816.0	403710.0		14677.0		0.0	389037.0	0.0	0.0	CohnReznick LLP	true	true	false	false	true	false	Section 4(a)(2) of the Securities Act
0001144204-19-008691	132 East 43rd Street	Suite 441	New York	NY	10017	718-384-0678	Jesse Prince	Other	0.0	1000.0		0.0		0.0		1000.0	0.0			0.0	0.0	1000.0	1000.0	0.0		0.0		0.0	0.0	0.0	0.0	RSM US LLP	true	true		true			Section 4(a)(2)
0001144204-19-008670	750 N. SAN VICENTE BLVD	SUITE 800	WEST HOLLYWOOD	CA	90069	800-317-2200	Jamie Ostrow	Other	807657.0	2387097.0		545747.0		5716.0		4466230.0	629789.0			0.0	1142227.0	3324003.0	4466230.0	2421061.0		1150009.0		1289.0	-1806632.0	-0.25	-0.25	dbbmckennon	true	true		true			Regulation D under the Securities Act
0001683168-19-000402	523 US. HIGHWAY 41 South		INVERNESS	FL	34450	352-765-3850	John E. Lux, Esq.	Other	101849.0	0.0		0.0		285062.0		386911.0	143410.0			255847.0	399257.0	-12346.0	386911.0	0.0		479893.0		5625.0	-505670.0	0.0	0.0	Assurance Dimensions	true	true		true			Exempt from registration under Section 4(2) Securities Act and Rules promulgated thereunder.
0001731122-19-000053	701 E. FRONT AVENUE	FLOOR 2	COEUR D'ALENE	ID	83814	800-971-5988	Melissa Lucar Geraci Law Firm	Other	25000.0	0.0		3000.0		0.0		28000.0	3000.0			0.0	3000.0	25000.0	28000.0	0.0		0.0		0.0	0.0	0.0	0.0	Armanino LLP	true	true		true			"Securities offered by Secured Investment High Yield Fund II, LLC (""SIHYF II"") were exempt under Regulation D of the Securities Act of 1933. SIHYF II is not offering any securities as part of this offering."
0001078782-19-000122	19901 SOUTHWEST FREEWAY, #205		SUGAR LAND	TX	77479	855-262-4561	Frank J. Hariton	Other	4319.0	0.0		0.0		0.0		14295.0	15567.0			16251.0	31818.0	-17523.0	14295.0	0.0		0.0		0.0	-17838.0	0.0	0.0	Thayer ONeal Company LLC	true	true	false	false	true	false	Foregoing issuances of securities were executed upon exemption from registration provided by Section 4(2) under the Securities Act of 1933, as amended.
0001144204-19-006971	75 Fifth Street, NW	Suite 2170	ATLANTA	GA	30308	404-850-9225	Nick Bhargava	Other	921594.0	0.0		20120085.0		433452.0		21507228.0	16872490.0			0.0	22787493.0	-1280265.0	21507228.0	804936.0		117587.0		102471.0	-1976473.0	-1.75	-1.75	Hughes Pittman and Gupton LLP	true	true		true			Regulation A, Rule 506 of Regulation D, and Rule 506 of Regulation D, respectively.
0001213900-19-002305	228 Park Avenue South #67157		New York	NY	10003	844-736-7531	Paul Birkett	Other	0.0	0.0		0.0		0.0		0.0	0.0			0.0	0.0	0.0	0.0	0.0		0.0		0.0	0.0	0.0	0.0	Artesian CPA, LLC	true	true				true	
0001628279-19-000025	5304 ASHBROOK DRIVE		HOUSTON	TX	77081	832-661-3453	Cavas Pavri	Other	1420984.0	0.0		0.0		280877.0		1968408.0	1728642.0			0.0	16575508.0	-14607100.0	1968408.0	0.0		0.0		60293.0	-3916753.0	-2.49	-2.49	GBH CPAs, PC and Marcum LLP	true	true	false	false	true	false	4(a)(2) and Regulation D of the Securities Act of 1933; sold only to accredited investors
0001437749-19-002321	1000 CENTRE AVE, SUITE 120		FORT COLLINS	CO	80526	970-282-0156	Brett Hanson	Other	394589.0	0.0		7285507.0		2097030.0		19523045.0	4545599.0			13735139.0	18280738.0	-9486655.0	19523045.0	211849.0		4962001.0		3120484.0	-18036764.0	-10.0	-9.99	EKS&H LLLP	true	true	false	true	false	false	Private placement per Reg. D/Rule 506.
0001144204-19-006506	600 Peachtree Street	Suite 810	ATLANTA	GA	30308	404-850-9225	Brian S. Korn, Esq.	Other	921594.0	0.0		20120085.0		433452.0		21507228.0	16872490.0			0.0	22787493.0	-1280265.0	21507228.0	804936.0		117587.0		102471.0	-1976473.0	-1.75	-1.75	Hughes Pittman and Gupton LLP	true	true		true			Regulation A, Rule 506 of Regulation D, and Rule 506 of Regulation D, respectively.
0001144204-19-006365	315 S. Coast Hwy 101	Suite U38	ENCINITAS	CA	92024	760-266-5313	Jamie Ostrow	Other	129534.0	0.0		8118.0		294341.0		925759.0	250567.0			26058.0	1257253.0	-331494.0	925759.0	369510.0		235908.0		105036.0	-5653477.0	-0.08	-0.08	dbbmckennon	true	true		true			Regulation A
0001214659-19-001000	189 South Orange Ave	Suite 1650	Orlando	FL	32801	4072066577	William Johnston	Other	50000.0	0.0		0.0		0.0		50000.0	0.0			0.0	0.0	50000.0	50000.0	0.0		0.0		0.0	0.0	0.0	0.0	Grennan Fender Hess & Poparad LLP	true	true			true		Rule 506 of Regulation D
0001683168-19-000320	33865 MARIANA UNIT C		DANA POINT	CA	92629	310-986-6373	John E. Lux, Esq.	Other	9457.0	0.0		5857.0		0.0		17280.0	3393.0			177597.0	183454.0	-166174.0	17280.0	143496.0		0.0		241.0	-628834.0	0.0	0.0		true	true		true			Exempt from registration under Section 4(2) Securities Act and Rules promulgated thereunder.
0001144204-19-006003	1601 Connecticut Avenue, NW, Suite 300		Washington	DC	20009	202-584-0550	Benjamin S. Miller	Other	3255000.0	0.0		2452000.0		0.0		85936000.0	66000.0			0.0	3757000.0	82179000.0	85936000.0	3835000.0		399000.0		0.0	3432000.0	0.43	0.43	RSM US LLP	true	true		true		true	
0001493152-19-001633	SPRING PLACE, 6 ST JOHNS LANE	7th FLOOR	NEW YORK	NY	10013	203-518-5172	LAURA ANTHONY	Other	100.0	0.0		0.0		0.0		100.0	0.0			0.0	0.0	100.0	100.0	0.0		0.0		0.0	0.0	0.0	0.0	Mayer Hoffman McCann, P.C.	true	true			true		The foregoing issuances were pursuant to Section 4(a)(2) of the Securities Act of 1933, as amended, for transactions by an issuer not involving any public offering.
0001477932-19-000390	9755 SW Barnes Road	Suite 420	Portland	OR	97225	503-225-0300	Gregory E. Struxness	Other	661814.0	0.0		687816.0		8476969.0		76589920.0	0.0			0.0	56472272.0	20117644.0	76589920.0	5176068.0		3787891.0		0.0	1478486.0	0.07	0.07	Armanino LLP	true	true	false	true		false	All securities issued pursuant to the exemption provided by Rule 506(b) of Regulation D under the Securities Act of 1933, as amended.
0001493152-19-001620	14205 SE 36th Street	Suite 100	Bellevue	WA	98006	425-818-0560	Gary Blum, Esq.	Other	708.0	0.0		28753.0		0.0		36415.0	492352.0			0.0	1630106.0	-1608781.0	36415.0	192692.0		174578.0		0.0	-194422.0	-0.01	-0.01	KBL, LLP	true	true		true			Section 4(a)(2)
0001264931-19-000019	555 NE 34th STREET	SUITE 1207	MIAMI	FL	33137	305-219-4323	BRETT VERONA	Other	90757.0	0.0		2000.0		0.0		92757.0	332409.0			0.0	1561681.0	-1468924.0	92757.0	358819.0		265809.0		0.0	1625130.0	0.0	0.0		true	true		true			SECTION 4(A)(2) OF SECURITIES ACT.
0001445866-19-000121	206 W COLLEGE AVENUE		FRIENDSVILLE	TN	37737	866-646-6230	Mike Reppe	Other	22015.0	0.0		28400.0		85000.0		135415.0	400000.0			0.0	400000.0	-264586.0	135415.0	0.0		64586.0		0.0	-264586.0	0.0	0.0	Jason M. Tyra, CPA PLLC	true	true	false	true	false	true	
0001683168-19-000278	3980 RANCHERO DR		ANN ARBOR	MI	48108	734-922-4073	Jeanne Campanelli	Other	694790.0	0.0		3502562.0		120579.0		6498376.0	7874246.0			13428544.0	25486185.0	-18987809.0	6498376.0	5740643.0		1327618.0		65133.0	95043.0	0.01	0.01	none	true	true		true			Section 4(a)(2) of the Securities Act.
0001144204-19-005404	ATTN: MICHAEL SCILLIA	18946 N. DALE MABRY HWY, SUITE 102	LUTZ	FL	33548	954-254-0044	Thomas G. Voekler, Esq.	Other	1459185.0	0.0		230400.0		1453902.0		9989702.0	2460160.0			872000.0	3332160.0	6657541.0	9989702.0	638856.0		1152444.0		350175.0	-2939953.0	-4.09	-4.09	Brian Soto, CPA	true	true			true		All securities relied on exemption in Section (4) (a) (1) of Securities Act of 1933 as shares were issued to our founders not in connection with any offerings, whom are Qualified Purchasers or Institutional Buyers.
0001144204-19-005392	1900 Campus Commons Drive	Suite 200	Reston	VA	20191	800-560-1435	David Toro	Other	16407136.0	10951701.0		23010.0		111716.0		30697364.0	149511.0			325000.0	16462160.0	-11237705.0	30697364.0	3078766.0		7606291.0		25370.0	-6559702.0	-0.61	-0.61	Baker Tilly Virchow Krause, LLP	true	true		true			"StreetShares, Inc. relied on the ""safe harbor"" provided in Rule 506(b) of Section 4(a)(2) of the Securities Act of 1933."
0001144204-19-005272	1601 Connecticut Avenue, NW	Suite 300	WASHINGTON	DC	20009	202-584-0550	Bjorn Hall	Other	10878000.0	0.0		104000.0		0.0		71142000.0	58000.0			0.0	2703000.0	68439000.0	71142000.0	506000.0		382000.0		0.0	124000.0	0.02	0.02	RSM US LLP	true	true		true		true	
0001640334-19-000145	3511 Del Paso Rd., Ste. 160 PMB 208		Sacramento	CA	95835	213-260-0321	Todd Higley	Other	5760.0	0.0		0.0		90285.0		99045.0	103160.0			0.0	103160.0	-4115.0	99045.0	0.0		0.0		4306.0	-205923.0	0.0	0.0	HAYNIE & COMPANY	true	true	false	true		false	Section 4(a)(2)
0001683168-19-000237	1825 CORPORATE BLVD. NW, SUITE 110	cel 561-401-1918	BOCA RATON	FL	33431	877-267-6278	Brian Higley, Esq.	Other	4009.0	0.0		0.0		0.0		4009.0	12741.0			0.0	12741.0	-8732.0	4009.0	0.0		12066.0		0.0	-12107.0	0.0	0.0	Salberg & Company, P.A.	true	true		true			Exempt from registration under 4(a)(2) and Regulation A of the Securities Act and Rules promulgated thereunder.
0001144204-19-004467	20C Trolley Square		Wilmington	DE	19806	844-843-7296	Massimo Barone, CEO	Other	417.0	0.0		35000.0		0.0		769880.0	1454612.0			0.0	3785310.0	-3015430.0	769880.0	28581.0		117557.0		0.0	446728.0	0.0	0.0	Maillie LLP.	true	true	true		true	true	
0001144204-19-004383	600 Peachtree Street	Suite 810	ATLANTA	GA	30308	404-850-9225	Brian S. Korn, Esq.	Other	921594.0	0.0		20120085.0		433452.0		21507228.0	16872490.0			0.0	22787493.0	-1280265.0	21507228.0	804936.0		117587.0		102471.0	-1976473.0	-1.75	-1.75	Hughes Pittman and Gupton LLP	true	true		true			Regulation A, Rule 506 of Regulation D, and Rule 506 of Regulation D, respectively.
0001477932-19-000312	18909 NE 29th Avenue		Aventura	FL	33180	310-777-0255	Jillian Sidoti, Esq.	Other	18000.0	0.0		0.0		0.0		18000.0	18000.0			0.0	18000.0	0.0	18000.0	0.0		0.0		0.0	0.0	0.0	0.0	Kaufman Rosin	true	true	false	true		false	Such interests were issued as founders' interests without consideration under 4(2).
0001688804-19-000001	250 Lafayette Street	3R	NEW YORK	NY	10012	3479528058	Max Niederste-Ostholt	Other	9905.0	0.0		1059.0		1309958.0		1320922.0	106704.0			337798.0	444502.0	876420.0	1320922.0	0.0		27461.0		0.0	-27461.0	0.0	0.0	EisnerAmper LLP	true	true	false	true	false	false	Rule 506(c) - sale to verified accredited investors of interests in Series #77LE1
0001144204-19-003869	20C Trolley Square		Wilmington	DE	19806	844-843-7296	Massimo Barone, CEO	Other	417.0	0.0		35000.0		0.0		769880.0	1454612.0			0.0	3785310.0	-3015430.0	769880.0	28581.0		117557.0		0.0	446728.0	0.0	0.0	Maillie LLP.	true	true	true		true	true	
0001144204-19-003833	75 Fifth Street, NW	Suite 2170	ATLANTA	GA	30308	404-850-9225	Nick Bhargava	Other	921594.0	0.0		20120085.0		433452.0		21507228.0	16872490.0			0.0	22787493.0	-1280265.0	21507228.0	804936.0		117587.0		102471.0	-1976473.0	-1.75	-1.75	Hughes Pittman and Gupton LLP	true	true		true			Regulation A, Rule 506 of Regulation D, and Rule 506 of Regulation D, respectively.
0001493152-19-001147	SPRING PLACE, 6 ST JOHNS LANE	7th FLOOR	NEW YORK	NY	10013	203-518-5172	LAURA ANTHONY	Other	100.0	0.0		0.0		0.0		100.0	0.0			0.0	0.0	100.0	100.0	0.0		0.0		0.0	0.0	0.0	0.0	Mayer Hoffman McCann, P.C.	true	true			true		The foregoing issuances were pursuant to Section 4(a)(2) of the Securities Act of 1933, as amended, for transactions by an issuer not involving any public offering.
0001393905-19-000030	7660-H Fay Avenue	#359	La Jolla	CA	92037	858-265-9347	Brent Willson	Other	55070.0	0.0		0.0		0.0		55070.0	20508.0			104698.0	125206.0	-70136.0	55070.0	0.0		100095.0		0.0	-101791.0	-0.97	-0.97	MaloneBailey, LLP	true	true	false	false	true	false	Section 4(a)(2); Rule 506 of Regulation D
0001477932-19-000272	3820 Central Avenue		Cheyenne	WY	82001	307-222-7861	Anastasia Shishova	Other	0.0	0.0		0.0		14106.0		14106.0	0.0			0.0	0.0	14106.0	14106.0	0.0		0.0		0.0	-151.0	0.0	0.0	BF Borgers CPA PC	true	true	false		true	false	Exempt from registration under Rule 4(a)(2) of the Securities Act.
0001144204-19-003068	700 North State Street		Clark Summit	PA	18411	650-477-5525	Jeffrey Marks	Other	637291.0	0.0		0.0		0.0		776569.0	2662.0			0.0	50958.0	725611.0	776569.0	93260.0		49843.0		0.0	-201704.0	-0.02	-0.02	dbbmckennon	true	true		true			Regulation CF
0001214659-19-000545	9061 KEITH AVENUE #206		WEST HOLLYWOOD	CA	90069	303-503-8631	Fay Matsukage	Other	155.0	0.0		0.0		2347.0		336734.0	22645.0			340133.0	362778.0	0.0	336734.0	0.0		14298.0		293.0	-14298.0	0.0	0.0	Weiss Accountancy Corporation	true	true		true			Section 4(a)(2)
0001144204-19-002945	2738 FALKENBURG RD. S.		RIVERVIEW	FL	33578	813-621-5000	Jamie Ostrow	Other	180.0	0.0		0.0		0.0		3513.0	65655.0			0.0	65655.0	-62142.0	3513.0	0.0		0.0		0.0	0.0	0.0	0.0	IndigoSpires CPA Group, LLC	true	true		true			Section 4(a)(2) of the Securities Act
0001144204-19-002943	2738 FALKENBURG RD. S.		RIVERVIEW	FL	33578	813-621-5000	Jamie Ostrow	Other	180.0	0.0		0.0		0.0		3513.0	65655.0			0.0	65655.0	-62142.0	3513.0	0.0		0.0		0.0	0.0	0.0	0.0	IndigoSpires CPA Group, LLC	true	true		true			Section 4(a)(2) of the Securities Act
0001214659-19-000467	80 WEST SIERRA BOULEVARD	#141	SIERRA MADRE	CA	91024	626-355-1049	Benjamin Feldman, FGRB, PLLC	Other	276.0	0.0		0.0		0.0		276.0	14687.0			0.0	14687.0	276.0	276.0	0.0		13561.0		0.0	-14687.0	0.0	0.0	Cashuk, Wiseman, Goldberg, Birnbaum & Salem, LLP	true	true			true	true	
0001659173-19-000006	2009 E. Windmill Lane		Las Vegas	NV	89123	702-240-0977	Bryan Clark, Esq.	Other	556374.0	9469272.0		54448.0		0.0		10080094.0	140315.0			10176000.0	10316315.0	-236221.0	10080094.0	191690.0		352833.0		0.0	-161143.0	0.0	0.0	Hall & Company Certified Public Accountants & Consultants, Inc.	true	true			true		Section 4(a)(2) of the Securities Act; Rule 506 (b)
0001104659-19-002519	10780 Santa Monica Blvd.	Suite 140	Los Angeles	CA	90025	310-907-7144	Lauren B. Prevost	Other	76.0	0.0		0.0		0.0		274659.0	280078.0			0.0	280078.0	-5419.0	274659.0	0.0		5419.0		0.0	-5419.0	0.0	0.0	CohnReznick LLP	true	true	false	false	true	false	Section 4(a)(2) of the Securities Act
0001144204-19-002038	20C Trolley Square		Wilmington	DE	19806	844-843-7296	Massimo Barone, CEO	Other	417.0	0.0		35000.0		0.0		769880.0	1454612.0			0.0	3785310.0	-3015430.0	769880.0	28581.0		117557.0		0.0	446728.0	0.0	0.0	Maillie LLP.	true	true	true		true	true	
0001709247-19-000001	24654 n Lake Pleasant Parkway, 103-321	103-321	Peoria	AZ	85383	4807790599	Morris Anderson	Other	1000.0	0.0		0.0		10000.0		11000.0	0.0			8679.0	8679.0	1321.0	11000.0	202.0		0.0		0.0	202.0	0.0	0.0	Morris Anderson	true	true	false	false	false	true	
0001078782-19-000065	87 N. Raymond Ave	Suite 200	Pasadena	CA	91103	626-559-0222	Peter Herbert Koch	Other	31456.0	0.0		0.0		0.0		31456.0	0.0			0.0	0.0	31456.0	31456.0	0.0		0.0		0.0	0.0	0.0	0.0	AJ Robbins CPA LLC	true	true	false	true	false	true	
0001079974-19-000017	4663 South Enterprise Street		BOISE	ID	83705	6123860606	William Rieser	Other	10449.0	0.0		0.0		0.0		10449.0	55.0			0.0	55.0	10394.0	10449.0	0.0		0.0		0.0	-7306.0	0.0	0.0		true	true		true			4 2 sold to friends and business associates without public solicitation
0001477932-19-000195	9755 SW Barnes Road	Suite 420	Portland	OR	97225	503-225-0300	Gregory E. Struxness	Other	661814.0	0.0		687816.0		8476969.0		76589920.0	0.0			0.0	56472272.0	20117644.0	76589920.0	5176068.0		3787891.0		0.0	1478486.0	0.07	0.07	Armanino LLP	true	true	false	true		false	All securities issued pursuant to the exemption provided by Rule 506(b) of Regulation D under the Securities Act of 1933, as amended.
0001486452-19-000004	7117 FLORIDA BOULEVARD	SUITE 203	BATON ROUGE	LA	70806	800-584-3808	Eric Newlan	Other	7667.0	0.0		225000.0		72534.0		460799.0	913365.0			0.0	913365.0	-452566.0	460799.0	1994.0		351897.0		0.0	-349903.0	-0.11	-0.11	N/A	true	true	false	true	false	false	Regulation A, Sec.4(a)(2), Sec.4(a)(2), Sec.4(a)(2), Sec.4(a)(2), Sec.4(a)(2), Sec.4(a)(1), Sec.4(a)(2), Sec.4(a)(2), Sec.4(a)(2), Sec.4(a)(2), Sec.4(a)(2), Sec.4(a)(2), Sec.4(a)(2), Sec.4(a)(2)
0001144204-19-001541	600 Peachtree Street	Suite 810	ATLANTA	GA	30308	404-850-9225	Brian S. Korn, Esq.	Other	921594.0	0.0		20120085.0		433452.0		21507228.0	16872490.0			0.0	22787493.0	-1280265.0	21507228.0	804936.0		117587.0		102471.0	-1976473.0	-1.75	-1.75	Hughes Pittman and Gupton LLP	true	true		true			Regulation A, Rule 506 of Regulation D, and Rule 506 of Regulation D, respectively.
0001683168-19-000085	523 S. HIGHWAY 41		INVERNESS	FL	34450	352-765-3850	John E. Lux, Esq.	Other	101849.0	0.0		0.0		285062.0		386911.0	143410.0			255847.0	399257.0	-12346.0	386911.0	0.0		479893.0		5625.0	-505670.0	0.0	0.0	Assurance Dimensions	true	true		true			Exempt from registration under Section 4(2) Securities Act and Rules promulgated thereunder.
0001264931-19-000005	322 MALL BLVD	#149	MONROEVILLE	PA	33324	724-600-4720	HAROLD H. MARTIN	Other	49145.0	0.0		2792.0		438656.0		802359.0	13083.0			495000.0	987047.0	-184688.0	802359.0	997083.0		786013.0		138765.0	-141846.0	0.0	0.0	N/A	true	true			true	true	
0001683168-19-000068	33865 MARIANA UNIT C		DANA POINT	CA	92629	310-986-6373	John E. Lux, Esq.	Other	9457.0	0.0		5857.0		0.0		17280.0	3393.0			177597.0	183454.0	-166174.0	17280.0	143496.0		0.0		241.0	-628834.0	0.0	0.0		true	true		true			Exempt from registration under Section 4(2) Securities Act and Rules promulgated thereunder.
0001683168-19-000051	250 W. FIRST ST., STE. 256		CLAREMONT	CA	91711	909-740-9175	Michael Behrens	Other	0.0	0.0		58522.0		167599.0		226151.0	67749.0			25606.0	93355.0	132796.0	226151.0	11935.0		32226.0		14122.0	-67752.0	0.0	0.0	IndigoSpire CPA Group, LLC	true	true		true			Issuer relied on Rule 147A, promulgated under Section 28 of the Securities Act. For Series Cairo Kiss, interests were initially offered under Rule 506(c) and then, subsequently, Series Cairo Kiss Interests were offered under Rule 147A
0001493152-19-000264	SPRING PLACE, 6 ST JOHNS LANE	7th FLOOR	NEW YORK	NY	10013	203-518-5172	LAURA ANTHONY	Other	100.0	0.0		0.0		0.0		100.0	0.0			0.0	0.0	100.0	100.0	0.0		0.0		0.0	0.0	0.0	0.0	Mayer Hoffman McCann, P.C.	true	true		true			The foregoing issuances were pursuant to Section 4(a)(2) of the Securities Act of 1933, as amended, for transactions by an issuer not involving any public offering.
0001749817-19-000002	125 GREENWICH AVENUE	3RD FLOOR	GREENWICH	CT	06830	203-622-6000	Kenneth Betts	Other	10000.0	0.0		0.0		0.0		10000.0	0.0			0.0	0.0	10000.0	10000.0	0.0		0.0		0.0	0.0	0.0	0.0	Citrin Cooperman & Company, LLP	true	true	false	true	false	true	
0001117768-19-000017	12411 Poway Road		Poway	CA	92064	760-916-7444	Matheau J. W. Stout, Esq.	Other	57335.0	0.0		98107.0		295557.0		10446644.0	449244.0			750053.0	1199297.0	9247347.0	10446644.0	2961579.0		3079502.0		120721.0	0.0	0.0	0.0	NONE	true	true	false			false	Rule 144
0001117768-19-000016	12411 Poway Road		Poway	CA	92064	760-916-7444	Matheau J. W. Stout, Esq.	Other	57335.0	0.0		98107.0		295557.0		10446644.0	449244.0			750053.0	1199297.0	9247347.0	10446644.0	2961579.0		3079502.0		120721.0	0.0	0.0	0.0	NONE	true	true	false			false	Rule 144
0001477932-19-000024	2155 Woodlane Drive	Ste 102	Woodbury	MN	55125	651-337-4799	Jillian Sidoti	Other	204694.0	0.0		0.0		0.0		204694.0	126684.0			409891.0	536575.0	-331881.0	204694.0	0.0		317252.0		0.0	317252.0	0.0	0.0	Baker Tilly	true	true	false	true		false	180,131 Preferred Shares were sold pursuant Rule 506(c). 2,500,000 Class A Common Shares were sold pursuant to Rule 506(b). 1,500,000 Class B Common Shares were sold officers and insiders were sold pursuant to 4(2).
0001078782-19-000001	19901 SOUTHWEST FREEWAY, #205		SUGAR LAND	TX	77479	855-262-4561	Frank J. Hariton	Other	4319.0	0.0		0.0		0.0		14295.0	15567.0			16251.0	31818.0	-17523.0	14295.0	0.0		0.0		0.0	-17838.0	0.0	0.0	Thayer ONeal Company LLC	true	true	false	false	true	false	Foregoing issuances of securities were executed upon exemption from registration provided by Section 4(2) under the Securities Act of 1933, as amended.
0001683168-18-003833	20 E. THOMAS ROAD, SUITE 2200		PHOENIX	AZ	85012	602-502-0602	John E. Lux, Esq.	Other	0.0	0.0		0.0		0.0		0.0	845887.0			5241842.0	6087729.0	-6087729.0	0.0	0.0		0.0		0.0	0.0	0.0	0.0		true	true		true		true	
